OA,LOCAL_AUTHORITY_CODE,LOCAL_AUTHORITY_NAME,REGION_OR_COUNTRY_CODE,REGION_OR_COUNTRY_NAME,POPULATION,SPRGRP,GRP,SUBGRP,SPR_SED,GRP_SED,SUB_SED,SPR1_SED,SPR2_SED,SPR3_SED,SPR4_SED,SPR5_SED,SPR6_SED,SPR7_SED,SPR8_SED,GRP1a_SED,GRP1b_SED,GRP1c_SED,GRP2a_SED,GRP2b_SED,GRP2c_SED,GRP2d_SED,GRP3a_SED,GRP3b_SED,GRP3c_SED,GRP3d_SED,GRP4a_SED,GRP4b_SED,GRP4c_SED,GRP5a_SED,GRP5b_SED,GRP6a_SED,GRP6b_SED,GRP7a_SED,GRP7b_SED,GRP7c_SED,GRP7d_SED,GRP8a_SED,GRP8b_SED,GRP8c_SED,GRP8d_SED,SUB1a1_SED,SUB1a2_SED,SUB1a3_SED,SUB1a4_SED,SUB1b1_SED,SUB1b2_SED,SUB1b3_SED,SUB1c1_SED,SUB1c2_SED,SUB1c3_SED,SUB2a1_SED,SUB2a2_SED,SUB2a3_SED,SUB2b1_SED,SUB2b2_SED,SUB2c1_SED,SUB2c2_SED,SUB2c3_SED,SUB2d1_SED,SUB2d2_SED,SUB2d3_SED,SUB3a1_SED,SUB3a2_SED,SUB3b1_SED,SUB3b2_SED,SUB3b3_SED,SUB3c1_SED,SUB3c2_SED,SUB3d1_SED,SUB3d2_SED,SUB3d3_SED,SUB4a1_SED,SUB4a2_SED,SUB4a3_SED,SUB4b1_SED,SUB4b2_SED,SUB4c1_SED,SUB4c2_SED,SUB4c3_SED,SUB5a1_SED,SUB5a2_SED,SUB5a3_SED,SUB5b1_SED,SUB5b2_SED,SUB5b3_SED,SUB6a1_SED,SUB6a2_SED,SUB6a3_SED,SUB6a4_SED,SUB6b1_SED,SUB6b2_SED,SUB6b3_SED,SUB6b4_SED,SUB7a1_SED,SUB7a2_SED,SUB7a3_SED,SUB7b1_SED,SUB7b2_SED,SUB7b3_SED,SUB7c1_SED,SUB7c2_SED,SUB7c3_SED,SUB7d1_SED,SUB7d2_SED,SUB7d3_SED,SUB7d4_SED,SUB8a1_SED,SUB8a2_SED,SUB8b1_SED,SUB8b2_SED,SUB8c1_SED,SUB8c2_SED,SUB8c3_SED,SUB8d1_SED,SUB8d2_SED,SUB8d3_SED
E00103069,E07000048,Christchurch,E12000009,South West,306,1,1c,1c2,0.871985018,0.639974889,0.573274246,0.871985018,1.755609821,2.014201939,1.55628917,0.890094042,1.055126871,1.33982096,1.110655995,1.082024642,0.848428437,0.639974889,NA,NA,NA,NA,NA,NA,NA,NA,NA,NA,NA,NA,NA,NA,NA,NA,NA,NA,NA,NA,NA,NA,NA,NA,NA,NA,NA,NA,NA,NA,0.817627354,0.573274246,0.703459243,NA,NA,NA,NA,NA,NA,NA,NA,NA,NA,NA,NA,NA,NA,NA,NA,NA,NA,NA,NA,NA,NA,NA,NA,NA,NA,NA,NA,NA,NA,NA,NA,NA,NA,NA,NA,NA,NA,NA,NA,NA,NA,NA,NA,NA,NA,NA,NA,NA,NA,NA,NA,NA,NA,NA,NA,NA,NA,NA,NA,NA,NA,NA,NA,NA,NA
E00103070,E07000048,Christchurch,E12000009,South West,312,8,8b,8b1,0.59647934,0.641222914,0.57697543,0.993802498,1.582011819,1.730494671,1.176505957,0.633109847,0.958235724,1.063652177,0.59647934,NA,NA,NA,NA,NA,NA,NA,NA,NA,NA,NA,NA,NA,NA,NA,NA,NA,NA,NA,NA,NA,NA,0.646351973,0.641222914,0.677679135,0.727142197,NA,NA,NA,NA,NA,NA,NA,NA,NA,NA,NA,NA,NA,NA,NA,NA,NA,NA,NA,NA,NA,NA,NA,NA,NA,NA,NA,NA,NA,NA,NA,NA,NA,NA,NA,NA,NA,NA,NA,NA,NA,NA,NA,NA,NA,NA,NA,NA,NA,NA,NA,NA,NA,NA,NA,NA,NA,NA,NA,NA,NA,NA,NA,NA,NA,NA,NA,NA,0.57697543,0.772640275,NA,NA,NA,NA,NA,NA
E00103071,E07000048,Christchurch,E12000009,South West,336,5,5b,5b3,0.66549608,0.689523833,0.594298308,0.812932222,1.750085932,1.951721939,1.427537183,0.66549608,0.734417577,1.240806834,0.863442053,NA,NA,NA,NA,NA,NA,NA,NA,NA,NA,NA,NA,NA,NA,0.722125899,0.689523833,NA,NA,NA,NA,NA,NA,NA,NA,NA,NA,NA,NA,NA,NA,NA,NA,NA,NA,NA,NA,NA,NA,NA,NA,NA,NA,NA,NA,NA,NA,NA,NA,NA,NA,NA,NA,NA,NA,NA,NA,NA,NA,NA,NA,NA,NA,NA,NA,NA,NA,NA,NA,0.849865198,0.954414511,0.594298308,NA,NA,NA,NA,NA,NA,NA,NA,NA,NA,NA,NA,NA,NA,NA,NA,NA,NA,NA,NA,NA,NA,NA,NA,NA,NA,NA,NA,NA,NA,NA
E00103072,E07000048,Christchurch,E12000009,South West,253,8,8c,8c1,0.68834371,0.623224082,0.525215214,0.80545095,1.754422897,1.88459938,1.37809294,0.707619191,0.855596058,1.069884359,0.68834371,NA,NA,NA,NA,NA,NA,NA,NA,NA,NA,NA,NA,NA,NA,NA,NA,NA,NA,NA,NA,NA,NA,0.684861021,0.847453485,0.623224082,0.886654301,NA,NA,NA,NA,NA,NA,NA,NA,NA,NA,NA,NA,NA,NA,NA,NA,NA,NA,NA,NA,NA,NA,NA,NA,NA,NA,NA,NA,NA,NA,NA,NA,NA,NA,NA,NA,NA,NA,NA,NA,NA,NA,NA,NA,NA,NA,NA,NA,NA,NA,NA,NA,NA,NA,NA,NA,NA,NA,NA,NA,NA,NA,NA,NA,NA,NA,NA,NA,NA,NA,0.525215214,0.748183627,0.748998093,NA,NA,NA
E00103073,E07000048,Christchurch,E12000009,South West,259,5,5b,5b3,0.719019314,0.695155821,0.634116126,0.807090593,1.677013997,1.841341639,1.360258879,0.719019314,0.902468,1.194259706,0.877518861,NA,NA,NA,NA,NA,NA,NA,NA,NA,NA,NA,NA,NA,NA,0.806677576,0.695155821,NA,NA,NA,NA,NA,NA,NA,NA,NA,NA,NA,NA,NA,NA,NA,NA,NA,NA,NA,NA,NA,NA,NA,NA,NA,NA,NA,NA,NA,NA,NA,NA,NA,NA,NA,NA,NA,NA,NA,NA,NA,NA,NA,NA,NA,NA,NA,NA,NA,NA,NA,NA,0.874761462,0.889976695,0.634116126,NA,NA,NA,NA,NA,NA,NA,NA,NA,NA,NA,NA,NA,NA,NA,NA,NA,NA,NA,NA,NA,NA,NA,NA,NA,NA,NA,NA,NA,NA,NA
E00103074,E07000048,Christchurch,E12000009,South West,338,8,8b,8b1,0.664587448,0.55370949,0.50191831,1.108765964,1.73089795,1.87851089,1.349321647,0.883929775,1.034382897,1.170833432,0.664587448,NA,NA,NA,NA,NA,NA,NA,NA,NA,NA,NA,NA,NA,NA,NA,NA,NA,NA,NA,NA,NA,NA,0.669957277,0.55370949,0.841137952,0.801619697,NA,NA,NA,NA,NA,NA,NA,NA,NA,NA,NA,NA,NA,NA,NA,NA,NA,NA,NA,NA,NA,NA,NA,NA,NA,NA,NA,NA,NA,NA,NA,NA,NA,NA,NA,NA,NA,NA,NA,NA,NA,NA,NA,NA,NA,NA,NA,NA,NA,NA,NA,NA,NA,NA,NA,NA,NA,NA,NA,NA,NA,NA,NA,NA,NA,NA,NA,NA,0.50191831,0.686668758,NA,NA,NA,NA,NA,NA
E00103075,E07000048,Christchurch,E12000009,South West,226,8,8c,8c1,0.794206234,0.724550221,0.700018656,1.04317464,1.86662822,1.978554744,1.532342711,0.977407662,1.059962378,1.110438314,0.794206234,NA,NA,NA,NA,NA,NA,NA,NA,NA,NA,NA,NA,NA,NA,NA,NA,NA,NA,NA,NA,NA,NA,0.790058528,0.943897924,0.724550221,0.977851716,NA,NA,NA,NA,NA,NA,NA,NA,NA,NA,NA,NA,NA,NA,NA,NA,NA,NA,NA,NA,NA,NA,NA,NA,NA,NA,NA,NA,NA,NA,NA,NA,NA,NA,NA,NA,NA,NA,NA,NA,NA,NA,NA,NA,NA,NA,NA,NA,NA,NA,NA,NA,NA,NA,NA,NA,NA,NA,NA,NA,NA,NA,NA,NA,NA,NA,NA,NA,NA,NA,0.700018656,0.825530505,0.776839208,NA,NA,NA
E00103076,E07000048,Christchurch,E12000009,South West,260,5,5a,5a1,0.672190938,0.695626549,0.563860846,0.860519079,1.700815031,1.942271344,1.440164267,0.672190938,0.886486672,1.105930617,0.777884129,NA,NA,NA,NA,NA,NA,NA,NA,NA,NA,NA,NA,NA,NA,0.695626549,0.735068216,NA,NA,NA,NA,NA,NA,NA,NA,NA,NA,NA,NA,NA,NA,NA,NA,NA,NA,NA,NA,NA,NA,NA,NA,NA,NA,NA,NA,NA,NA,NA,NA,NA,NA,NA,NA,NA,NA,NA,NA,NA,NA,NA,NA,NA,NA,NA,NA,NA,0.563860846,0.873659393,0.829105849,NA,NA,NA,NA,NA,NA,NA,NA,NA,NA,NA,NA,NA,NA,NA,NA,NA,NA,NA,NA,NA,NA,NA,NA,NA,NA,NA,NA,NA,NA,NA,NA,NA,NA
E00103077,E07000048,Christchurch,E12000009,South West,231,5,5a,5a3,0.613323602,0.612086178,0.585549908,1.143231841,1.406737237,1.548195512,1.136932925,0.613323602,1.155216953,0.823205693,0.706468332,NA,NA,NA,NA,NA,NA,NA,NA,NA,NA,NA,NA,NA,NA,0.612086178,0.710638018,NA,NA,NA,NA,NA,NA,NA,NA,NA,NA,NA,NA,NA,NA,NA,NA,NA,NA,NA,NA,NA,NA,NA,NA,NA,NA,NA,NA,NA,NA,NA,NA,NA,NA,NA,NA,NA,NA,NA,NA,NA,NA,NA,NA,NA,NA,NA,NA,NA,0.663847079,0.780089679,0.585549908,NA,NA,NA,NA,NA,NA,NA,NA,NA,NA,NA,NA,NA,NA,NA,NA,NA,NA,NA,NA,NA,NA,NA,NA,NA,NA,NA,NA,NA,NA,NA,NA,NA,NA
E00103078,E07000048,Christchurch,E12000009,South West,319,8,8b,8b1,0.747482331,0.722498614,0.652458289,1.02170638,1.642510805,1.831240754,1.293434291,0.780389209,0.983807409,1.171354001,0.747482331,NA,NA,NA,NA,NA,NA,NA,NA,NA,NA,NA,NA,NA,NA,NA,NA,NA,NA,NA,NA,NA,NA,0.773375702,0.722498614,0.839031233,0.886518098,NA,NA,NA,NA,NA,NA,NA,NA,NA,NA,NA,NA,NA,NA,NA,NA,NA,NA,NA,NA,NA,NA,NA,NA,NA,NA,NA,NA,NA,NA,NA,NA,NA,NA,NA,NA,NA,NA,NA,NA,NA,NA,NA,NA,NA,NA,NA,NA,NA,NA,NA,NA,NA,NA,NA,NA,NA,NA,NA,NA,NA,NA,NA,NA,NA,NA,NA,NA,0.652458289,0.850750768,NA,NA,NA,NA,NA,NA
E00103079,E07000048,Christchurch,E12000009,South West,309,6,6a,6a3,0.722871528,0.707751329,0.669033692,0.820504092,2.014447924,2.248394938,1.788375768,1.137128195,0.722871528,1.605093312,1.227380716,NA,NA,NA,NA,NA,NA,NA,NA,NA,NA,NA,NA,NA,NA,NA,NA,0.707751329,0.795276585,NA,NA,NA,NA,NA,NA,NA,NA,NA,NA,NA,NA,NA,NA,NA,NA,NA,NA,NA,NA,NA,NA,NA,NA,NA,NA,NA,NA,NA,NA,NA,NA,NA,NA,NA,NA,NA,NA,NA,NA,NA,NA,NA,NA,NA,NA,NA,NA,NA,NA,NA,NA,NA,1.012241571,0.745013796,0.669033692,0.80108772,NA,NA,NA,NA,NA,NA,NA,NA,NA,NA,NA,NA,NA,NA,NA,NA,NA,NA,NA,NA,NA,NA,NA,NA,NA,NA,NA
E00103080,E07000048,Christchurch,E12000009,South West,251,8,8c,8c1,1.026162316,0.954934818,0.882942107,1.072368331,1.925156091,2.059390838,1.608142517,1.056853547,1.111224692,1.289153012,1.026162316,NA,NA,NA,NA,NA,NA,NA,NA,NA,NA,NA,NA,NA,NA,NA,NA,NA,NA,NA,NA,NA,NA,0.995318688,1.171938114,0.954934818,1.195947047,NA,NA,NA,NA,NA,NA,NA,NA,NA,NA,NA,NA,NA,NA,NA,NA,NA,NA,NA,NA,NA,NA,NA,NA,NA,NA,NA,NA,NA,NA,NA,NA,NA,NA,NA,NA,NA,NA,NA,NA,NA,NA,NA,NA,NA,NA,NA,NA,NA,NA,NA,NA,NA,NA,NA,NA,NA,NA,NA,NA,NA,NA,NA,NA,NA,NA,NA,NA,NA,NA,0.882942107,1.023520455,1.067557708,NA,NA,NA
E00103081,E07000048,Christchurch,E12000009,South West,313,6,6a,6a3,0.700132312,0.671273706,0.607122851,0.864977479,2.052445887,2.327477883,1.840398932,1.19489611,0.700132312,1.725924019,1.339225199,NA,NA,NA,NA,NA,NA,NA,NA,NA,NA,NA,NA,NA,NA,NA,NA,0.671273706,0.783098817,NA,NA,NA,NA,NA,NA,NA,NA,NA,NA,NA,NA,NA,NA,NA,NA,NA,NA,NA,NA,NA,NA,NA,NA,NA,NA,NA,NA,NA,NA,NA,NA,NA,NA,NA,NA,NA,NA,NA,NA,NA,NA,NA,NA,NA,NA,NA,NA,NA,NA,NA,NA,NA,0.961239996,0.731674844,0.607122851,0.801036839,NA,NA,NA,NA,NA,NA,NA,NA,NA,NA,NA,NA,NA,NA,NA,NA,NA,NA,NA,NA,NA,NA,NA,NA,NA,NA,NA
E00103082,E07000048,Christchurch,E12000009,South West,296,8,8c,8c1,0.624167209,0.522365274,0.518323653,0.811503142,1.70138239,1.804569404,1.335037545,0.783285465,1.063020732,0.960504038,0.624167209,NA,NA,NA,NA,NA,NA,NA,NA,NA,NA,NA,NA,NA,NA,NA,NA,NA,NA,NA,NA,NA,NA,0.68400687,0.805801472,0.522365274,0.797212082,NA,NA,NA,NA,NA,NA,NA,NA,NA,NA,NA,NA,NA,NA,NA,NA,NA,NA,NA,NA,NA,NA,NA,NA,NA,NA,NA,NA,NA,NA,NA,NA,NA,NA,NA,NA,NA,NA,NA,NA,NA,NA,NA,NA,NA,NA,NA,NA,NA,NA,NA,NA,NA,NA,NA,NA,NA,NA,NA,NA,NA,NA,NA,NA,NA,NA,NA,NA,NA,NA,0.518323653,0.536707124,0.649120171,NA,NA,NA
E00103083,E07000048,Christchurch,E12000009,South West,168,1,1a,1a2,0.758383428,0.771911801,0.742239723,0.758383428,2.096369429,2.384638496,1.872040791,1.257469621,1.060595738,1.785236334,1.354637893,0.771911801,0.823930021,0.894381162,NA,NA,NA,NA,NA,NA,NA,NA,NA,NA,NA,NA,NA,NA,NA,NA,NA,NA,NA,NA,NA,NA,NA,0.911708635,0.742239723,0.758535586,0.92115583,NA,NA,NA,NA,NA,NA,NA,NA,NA,NA,NA,NA,NA,NA,NA,NA,NA,NA,NA,NA,NA,NA,NA,NA,NA,NA,NA,NA,NA,NA,NA,NA,NA,NA,NA,NA,NA,NA,NA,NA,NA,NA,NA,NA,NA,NA,NA,NA,NA,NA,NA,NA,NA,NA,NA,NA,NA,NA,NA,NA,NA,NA,NA,NA,NA,NA,NA,NA,NA,NA,NA,NA
E00103084,E07000048,Christchurch,E12000009,South West,352,8,8d,8d2,0.751972228,0.679115806,0.681832227,1.444617294,1.546505714,1.497280323,1.19306738,1.029072312,1.470667443,0.773600722,0.751972228,NA,NA,NA,NA,NA,NA,NA,NA,NA,NA,NA,NA,NA,NA,NA,NA,NA,NA,NA,NA,NA,NA,0.983140375,0.774061536,0.778760325,0.679115806,NA,NA,NA,NA,NA,NA,NA,NA,NA,NA,NA,NA,NA,NA,NA,NA,NA,NA,NA,NA,NA,NA,NA,NA,NA,NA,NA,NA,NA,NA,NA,NA,NA,NA,NA,NA,NA,NA,NA,NA,NA,NA,NA,NA,NA,NA,NA,NA,NA,NA,NA,NA,NA,NA,NA,NA,NA,NA,NA,NA,NA,NA,NA,NA,NA,NA,NA,NA,NA,NA,NA,NA,NA,0.724881128,0.681832227,0.808772748
E00103085,E07000048,Christchurch,E12000009,South West,345,8,8c,8c3,0.645770227,0.623519811,0.621480972,1.220783954,1.58463833,1.58894073,1.233369162,0.930245098,1.336569506,0.809231046,0.645770227,NA,NA,NA,NA,NA,NA,NA,NA,NA,NA,NA,NA,NA,NA,NA,NA,NA,NA,NA,NA,NA,NA,0.818280272,0.74632245,0.623519811,0.683991636,NA,NA,NA,NA,NA,NA,NA,NA,NA,NA,NA,NA,NA,NA,NA,NA,NA,NA,NA,NA,NA,NA,NA,NA,NA,NA,NA,NA,NA,NA,NA,NA,NA,NA,NA,NA,NA,NA,NA,NA,NA,NA,NA,NA,NA,NA,NA,NA,NA,NA,NA,NA,NA,NA,NA,NA,NA,NA,NA,NA,NA,NA,NA,NA,NA,NA,NA,NA,NA,NA,0.69112509,0.659088305,0.621480972,NA,NA,NA
E00103086,E07000048,Christchurch,E12000009,South West,233,7,7b,7b2,0.940295935,0.83637289,0.858081912,1.886479936,1.518587504,1.508613298,1.602197003,1.526406994,1.903901089,0.940295935,1.372672445,NA,NA,NA,NA,NA,NA,NA,NA,NA,NA,NA,NA,NA,NA,NA,NA,NA,NA,1.074090743,0.83637289,1.002792433,1.206449066,NA,NA,NA,NA,NA,NA,NA,NA,NA,NA,NA,NA,NA,NA,NA,NA,NA,NA,NA,NA,NA,NA,NA,NA,NA,NA,NA,NA,NA,NA,NA,NA,NA,NA,NA,NA,NA,NA,NA,NA,NA,NA,NA,NA,NA,NA,NA,NA,NA,NA,NA,NA,NA,NA,NA,NA,NA,NA,NA,NA,0.951627889,0.858081912,0.928448256,NA,NA,NA,NA,NA,NA,NA,NA,NA,NA,NA,NA,NA,NA,NA,NA,NA
E00103087,E07000048,Christchurch,E12000009,South West,284,7,7c,7c2,0.729011237,0.686436935,0.645326399,1.544689105,1.552027563,1.520391216,1.385685405,1.16218631,1.584496308,0.729011237,0.935450673,NA,NA,NA,NA,NA,NA,NA,NA,NA,NA,NA,NA,NA,NA,NA,NA,NA,NA,0.770901303,0.989256288,0.686436935,1.137456675,NA,NA,NA,NA,NA,NA,NA,NA,NA,NA,NA,NA,NA,NA,NA,NA,NA,NA,NA,NA,NA,NA,NA,NA,NA,NA,NA,NA,NA,NA,NA,NA,NA,NA,NA,NA,NA,NA,NA,NA,NA,NA,NA,NA,NA,NA,NA,NA,NA,NA,NA,NA,NA,NA,NA,NA,NA,NA,NA,NA,NA,NA,NA,0.815438142,0.645326399,0.741643604,NA,NA,NA,NA,NA,NA,NA,NA,NA,NA,NA,NA,NA,NA
E00103088,E07000048,Christchurch,E12000009,South West,264,8,8c,8c1,0.674831197,0.576002695,0.59408404,0.97619237,1.679952415,1.705798824,1.226811919,0.850342827,1.087629113,0.898009477,0.674831197,NA,NA,NA,NA,NA,NA,NA,NA,NA,NA,NA,NA,NA,NA,NA,NA,NA,NA,NA,NA,NA,NA,0.75079658,0.915584252,0.576002695,0.754369979,NA,NA,NA,NA,NA,NA,NA,NA,NA,NA,NA,NA,NA,NA,NA,NA,NA,NA,NA,NA,NA,NA,NA,NA,NA,NA,NA,NA,NA,NA,NA,NA,NA,NA,NA,NA,NA,NA,NA,NA,NA,NA,NA,NA,NA,NA,NA,NA,NA,NA,NA,NA,NA,NA,NA,NA,NA,NA,NA,NA,NA,NA,NA,NA,NA,NA,NA,NA,NA,NA,0.59408404,0.606343431,0.655215179,NA,NA,NA
E00103089,E07000048,Christchurch,E12000009,South West,339,8,8d,8d1,0.565840247,0.592334854,0.634200373,1.213554666,1.670065973,1.679305646,1.242355861,0.916067629,1.228969515,0.875731667,0.565840247,NA,NA,NA,NA,NA,NA,NA,NA,NA,NA,NA,NA,NA,NA,NA,NA,NA,NA,NA,NA,NA,NA,0.690145535,0.702819048,0.608897243,0.592334854,NA,NA,NA,NA,NA,NA,NA,NA,NA,NA,NA,NA,NA,NA,NA,NA,NA,NA,NA,NA,NA,NA,NA,NA,NA,NA,NA,NA,NA,NA,NA,NA,NA,NA,NA,NA,NA,NA,NA,NA,NA,NA,NA,NA,NA,NA,NA,NA,NA,NA,NA,NA,NA,NA,NA,NA,NA,NA,NA,NA,NA,NA,NA,NA,NA,NA,NA,NA,NA,NA,NA,NA,NA,0.634200373,0.636474339,0.686814979
E00103090,E07000048,Christchurch,E12000009,South West,352,8,8c,8c3,0.713335513,0.663302674,0.647416654,1.271398259,1.784539329,1.739701177,1.353137038,1.082535998,1.419183937,0.852089206,0.713335513,NA,NA,NA,NA,NA,NA,NA,NA,NA,NA,NA,NA,NA,NA,NA,NA,NA,NA,NA,NA,NA,NA,0.884449963,0.866740189,0.663302674,0.704946972,NA,NA,NA,NA,NA,NA,NA,NA,NA,NA,NA,NA,NA,NA,NA,NA,NA,NA,NA,NA,NA,NA,NA,NA,NA,NA,NA,NA,NA,NA,NA,NA,NA,NA,NA,NA,NA,NA,NA,NA,NA,NA,NA,NA,NA,NA,NA,NA,NA,NA,NA,NA,NA,NA,NA,NA,NA,NA,NA,NA,NA,NA,NA,NA,NA,NA,NA,NA,NA,NA,0.747236456,0.67664509,0.647416654,NA,NA,NA
E00103091,E07000048,Christchurch,E12000009,South West,339,8,8c,8c3,0.620053603,0.568828958,0.587995155,1.138750858,1.598238749,1.587663884,1.168894886,0.828727029,1.181310783,0.81454448,0.620053603,NA,NA,NA,NA,NA,NA,NA,NA,NA,NA,NA,NA,NA,NA,NA,NA,NA,NA,NA,NA,NA,NA,0.768083758,0.79736906,0.568828958,0.655450202,NA,NA,NA,NA,NA,NA,NA,NA,NA,NA,NA,NA,NA,NA,NA,NA,NA,NA,NA,NA,NA,NA,NA,NA,NA,NA,NA,NA,NA,NA,NA,NA,NA,NA,NA,NA,NA,NA,NA,NA,NA,NA,NA,NA,NA,NA,NA,NA,NA,NA,NA,NA,NA,NA,NA,NA,NA,NA,NA,NA,NA,NA,NA,NA,NA,NA,NA,NA,NA,NA,0.597925951,0.657709784,0.587995155,NA,NA,NA
E00103092,E07000048,Christchurch,E12000009,South West,298,7,7c,7c3,0.68689437,0.653991845,0.585208672,1.432868247,1.468061145,1.496869409,1.320432455,1.059562803,1.437953085,0.68689437,0.864568433,NA,NA,NA,NA,NA,NA,NA,NA,NA,NA,NA,NA,NA,NA,NA,NA,NA,NA,0.764198919,1.014774335,0.653991845,0.951966588,NA,NA,NA,NA,NA,NA,NA,NA,NA,NA,NA,NA,NA,NA,NA,NA,NA,NA,NA,NA,NA,NA,NA,NA,NA,NA,NA,NA,NA,NA,NA,NA,NA,NA,NA,NA,NA,NA,NA,NA,NA,NA,NA,NA,NA,NA,NA,NA,NA,NA,NA,NA,NA,NA,NA,NA,NA,NA,NA,NA,NA,NA,NA,0.775344872,0.736087459,0.585208672,NA,NA,NA,NA,NA,NA,NA,NA,NA,NA,NA,NA,NA,NA
E00103093,E07000048,Christchurch,E12000009,South West,252,7,7c,7c3,0.735766789,0.698330873,0.691081054,1.443755499,1.49305098,1.532985364,1.293274343,1.052505854,1.461784742,0.735766789,0.891300424,NA,NA,NA,NA,NA,NA,NA,NA,NA,NA,NA,NA,NA,NA,NA,NA,NA,NA,0.781730115,1.067800001,0.698330873,1.029748424,NA,NA,NA,NA,NA,NA,NA,NA,NA,NA,NA,NA,NA,NA,NA,NA,NA,NA,NA,NA,NA,NA,NA,NA,NA,NA,NA,NA,NA,NA,NA,NA,NA,NA,NA,NA,NA,NA,NA,NA,NA,NA,NA,NA,NA,NA,NA,NA,NA,NA,NA,NA,NA,NA,NA,NA,NA,NA,NA,NA,NA,NA,NA,0.773766587,0.774349528,0.691081054,NA,NA,NA,NA,NA,NA,NA,NA,NA,NA,NA,NA,NA,NA
E00103094,E07000048,Christchurch,E12000009,South West,273,7,7c,7c3,0.70967135,0.651129507,0.573929402,1.320296937,1.624645277,1.610815553,1.355722243,1.074422667,1.420263463,0.70967135,0.803632597,NA,NA,NA,NA,NA,NA,NA,NA,NA,NA,NA,NA,NA,NA,NA,NA,NA,NA,0.784615006,1.118216684,0.651129507,0.882098581,NA,NA,NA,NA,NA,NA,NA,NA,NA,NA,NA,NA,NA,NA,NA,NA,NA,NA,NA,NA,NA,NA,NA,NA,NA,NA,NA,NA,NA,NA,NA,NA,NA,NA,NA,NA,NA,NA,NA,NA,NA,NA,NA,NA,NA,NA,NA,NA,NA,NA,NA,NA,NA,NA,NA,NA,NA,NA,NA,NA,NA,NA,NA,0.78894343,0.721293413,0.573929402,NA,NA,NA,NA,NA,NA,NA,NA,NA,NA,NA,NA,NA,NA
E00103095,E07000048,Christchurch,E12000009,South West,156,7,7d,7d1,1.092817751,0.957057243,0.970322688,1.569372887,1.937548398,1.909340943,1.736942884,1.461278742,1.751855651,1.092817751,1.227895254,NA,NA,NA,NA,NA,NA,NA,NA,NA,NA,NA,NA,NA,NA,NA,NA,NA,NA,1.199699818,1.408769981,1.078924353,0.957057243,NA,NA,NA,NA,NA,NA,NA,NA,NA,NA,NA,NA,NA,NA,NA,NA,NA,NA,NA,NA,NA,NA,NA,NA,NA,NA,NA,NA,NA,NA,NA,NA,NA,NA,NA,NA,NA,NA,NA,NA,NA,NA,NA,NA,NA,NA,NA,NA,NA,NA,NA,NA,NA,NA,NA,NA,NA,NA,NA,NA,NA,NA,NA,NA,NA,NA,0.970322688,1.022741115,1.145997957,1.560769207,NA,NA,NA,NA,NA,NA,NA,NA,NA,NA
E00103096,E07000048,Christchurch,E12000009,South West,306,5,5b,5b3,0.759183691,0.726477582,0.663045285,1.083716164,1.482438544,1.604774133,1.267404762,0.759183691,1.159388943,0.898118881,0.860806365,NA,NA,NA,NA,NA,NA,NA,NA,NA,NA,NA,NA,NA,NA,0.849969234,0.726477582,NA,NA,NA,NA,NA,NA,NA,NA,NA,NA,NA,NA,NA,NA,NA,NA,NA,NA,NA,NA,NA,NA,NA,NA,NA,NA,NA,NA,NA,NA,NA,NA,NA,NA,NA,NA,NA,NA,NA,NA,NA,NA,NA,NA,NA,NA,NA,NA,NA,NA,NA,NA,0.895963198,0.927016036,0.663045285,NA,NA,NA,NA,NA,NA,NA,NA,NA,NA,NA,NA,NA,NA,NA,NA,NA,NA,NA,NA,NA,NA,NA,NA,NA,NA,NA,NA,NA,NA,NA
E00103097,E07000048,Christchurch,E12000009,South West,252,8,8c,8c3,0.716544677,0.692073032,0.695749195,1.290907358,1.494743887,1.546856191,1.215720158,0.880472363,1.369171899,0.785031143,0.716544677,NA,NA,NA,NA,NA,NA,NA,NA,NA,NA,NA,NA,NA,NA,NA,NA,NA,NA,NA,NA,NA,NA,0.925900219,0.77746571,0.692073032,0.71721696,NA,NA,NA,NA,NA,NA,NA,NA,NA,NA,NA,NA,NA,NA,NA,NA,NA,NA,NA,NA,NA,NA,NA,NA,NA,NA,NA,NA,NA,NA,NA,NA,NA,NA,NA,NA,NA,NA,NA,NA,NA,NA,NA,NA,NA,NA,NA,NA,NA,NA,NA,NA,NA,NA,NA,NA,NA,NA,NA,NA,NA,NA,NA,NA,NA,NA,NA,NA,NA,NA,0.730345307,0.757792508,0.695749195,NA,NA,NA
E00103098,E07000048,Christchurch,E12000009,South West,258,5,5b,5b3,0.885959932,0.737307426,0.714433897,1.006038097,1.627785287,1.831095515,1.521951359,0.885959932,0.951385384,1.073249108,1.056068608,NA,NA,NA,NA,NA,NA,NA,NA,NA,NA,NA,NA,NA,NA,1.044667362,0.737307426,NA,NA,NA,NA,NA,NA,NA,NA,NA,NA,NA,NA,NA,NA,NA,NA,NA,NA,NA,NA,NA,NA,NA,NA,NA,NA,NA,NA,NA,NA,NA,NA,NA,NA,NA,NA,NA,NA,NA,NA,NA,NA,NA,NA,NA,NA,NA,NA,NA,NA,NA,NA,0.803844793,0.984643189,0.714433897,NA,NA,NA,NA,NA,NA,NA,NA,NA,NA,NA,NA,NA,NA,NA,NA,NA,NA,NA,NA,NA,NA,NA,NA,NA,NA,NA,NA,NA,NA,NA
E00103099,E07000048,Christchurch,E12000009,South West,227,5,5b,5b3,0.742615571,0.680140541,0.641098129,1.078676632,1.528424857,1.646111349,1.23539365,0.742615571,1.086890791,1.017971204,0.92209176,NA,NA,NA,NA,NA,NA,NA,NA,NA,NA,NA,NA,NA,NA,0.85503701,0.680140541,NA,NA,NA,NA,NA,NA,NA,NA,NA,NA,NA,NA,NA,NA,NA,NA,NA,NA,NA,NA,NA,NA,NA,NA,NA,NA,NA,NA,NA,NA,NA,NA,NA,NA,NA,NA,NA,NA,NA,NA,NA,NA,NA,NA,NA,NA,NA,NA,NA,NA,NA,NA,0.837955276,0.872713282,0.641098129,NA,NA,NA,NA,NA,NA,NA,NA,NA,NA,NA,NA,NA,NA,NA,NA,NA,NA,NA,NA,NA,NA,NA,NA,NA,NA,NA,NA,NA,NA,NA
E00103100,E07000048,Christchurch,E12000009,South West,345,8,8c,8c1,0.484963751,0.496480515,0.445866287,0.980147152,1.606137693,1.664719778,1.137315187,0.668144454,0.958401195,0.920091743,0.484963751,NA,NA,NA,NA,NA,NA,NA,NA,NA,NA,NA,NA,NA,NA,NA,NA,NA,NA,NA,NA,NA,NA,0.558140348,0.670959024,0.496480515,0.604663515,NA,NA,NA,NA,NA,NA,NA,NA,NA,NA,NA,NA,NA,NA,NA,NA,NA,NA,NA,NA,NA,NA,NA,NA,NA,NA,NA,NA,NA,NA,NA,NA,NA,NA,NA,NA,NA,NA,NA,NA,NA,NA,NA,NA,NA,NA,NA,NA,NA,NA,NA,NA,NA,NA,NA,NA,NA,NA,NA,NA,NA,NA,NA,NA,NA,NA,NA,NA,NA,NA,0.445866287,0.6284377,0.590582382,NA,NA,NA
E00103101,E07000048,Christchurch,E12000009,South West,310,5,5b,5b2,1.651306148,1.515965165,1.409804305,1.791495438,1.867675084,2.26080289,2.14419051,1.651306148,1.766228194,1.841918079,1.988921242,NA,NA,NA,NA,NA,NA,NA,NA,NA,NA,NA,NA,NA,NA,1.785799604,1.515965165,NA,NA,NA,NA,NA,NA,NA,NA,NA,NA,NA,NA,NA,NA,NA,NA,NA,NA,NA,NA,NA,NA,NA,NA,NA,NA,NA,NA,NA,NA,NA,NA,NA,NA,NA,NA,NA,NA,NA,NA,NA,NA,NA,NA,NA,NA,NA,NA,NA,NA,NA,NA,1.531169768,1.409804305,1.629857468,NA,NA,NA,NA,NA,NA,NA,NA,NA,NA,NA,NA,NA,NA,NA,NA,NA,NA,NA,NA,NA,NA,NA,NA,NA,NA,NA,NA,NA,NA,NA
E00103102,E07000048,Christchurch,E12000009,South West,204,5,5b,5b3,1.089399651,1.013401784,0.977977982,1.183584002,1.858910309,2.093038207,1.71941272,1.089399651,1.208800787,1.332075757,1.248587074,NA,NA,NA,NA,NA,NA,NA,NA,NA,NA,NA,NA,NA,NA,1.193901827,1.013401784,NA,NA,NA,NA,NA,NA,NA,NA,NA,NA,NA,NA,NA,NA,NA,NA,NA,NA,NA,NA,NA,NA,NA,NA,NA,NA,NA,NA,NA,NA,NA,NA,NA,NA,NA,NA,NA,NA,NA,NA,NA,NA,NA,NA,NA,NA,NA,NA,NA,NA,NA,NA,1.161331236,1.125300358,0.977977982,NA,NA,NA,NA,NA,NA,NA,NA,NA,NA,NA,NA,NA,NA,NA,NA,NA,NA,NA,NA,NA,NA,NA,NA,NA,NA,NA,NA,NA,NA,NA
E00103103,E07000048,Christchurch,E12000009,South West,245,6,6a,6a4,1.181248616,1.11498618,0.97588275,1.211810835,2.029447721,2.361811461,2.048278682,1.357055448,1.181248616,1.673810112,1.613248704,NA,NA,NA,NA,NA,NA,NA,NA,NA,NA,NA,NA,NA,NA,NA,NA,1.11498618,1.265234385,NA,NA,NA,NA,NA,NA,NA,NA,NA,NA,NA,NA,NA,NA,NA,NA,NA,NA,NA,NA,NA,NA,NA,NA,NA,NA,NA,NA,NA,NA,NA,NA,NA,NA,NA,NA,NA,NA,NA,NA,NA,NA,NA,NA,NA,NA,NA,NA,NA,NA,NA,NA,NA,1.398791898,1.288999415,1.082358458,0.97588275,NA,NA,NA,NA,NA,NA,NA,NA,NA,NA,NA,NA,NA,NA,NA,NA,NA,NA,NA,NA,NA,NA,NA,NA,NA,NA,NA
E00103104,E07000048,Christchurch,E12000009,South West,159,7,7d,7d4,2.460004239,2.057218124,1.48464452,2.853852943,2.718171344,2.820478568,2.987391149,2.798582394,2.92505292,2.460004239,2.786872786,NA,NA,NA,NA,NA,NA,NA,NA,NA,NA,NA,NA,NA,NA,NA,NA,NA,NA,2.623985755,2.39299266,2.561792527,2.057218124,NA,NA,NA,NA,NA,NA,NA,NA,NA,NA,NA,NA,NA,NA,NA,NA,NA,NA,NA,NA,NA,NA,NA,NA,NA,NA,NA,NA,NA,NA,NA,NA,NA,NA,NA,NA,NA,NA,NA,NA,NA,NA,NA,NA,NA,NA,NA,NA,NA,NA,NA,NA,NA,NA,NA,NA,NA,NA,NA,NA,NA,NA,NA,NA,NA,NA,2.209543697,1.964739291,2.335725968,1.48464452,NA,NA,NA,NA,NA,NA,NA,NA,NA,NA
E00103105,E07000048,Christchurch,E12000009,South West,172,5,5b,5b1,1.532729914,1.411414325,1.372185909,1.651760558,1.751751591,2.112015857,1.987571768,1.532729914,1.631994512,1.732566294,1.865742178,NA,NA,NA,NA,NA,NA,NA,NA,NA,NA,NA,NA,NA,NA,1.658932195,1.411414325,NA,NA,NA,NA,NA,NA,NA,NA,NA,NA,NA,NA,NA,NA,NA,NA,NA,NA,NA,NA,NA,NA,NA,NA,NA,NA,NA,NA,NA,NA,NA,NA,NA,NA,NA,NA,NA,NA,NA,NA,NA,NA,NA,NA,NA,NA,NA,NA,NA,NA,NA,NA,1.372185909,1.462387203,1.489556427,NA,NA,NA,NA,NA,NA,NA,NA,NA,NA,NA,NA,NA,NA,NA,NA,NA,NA,NA,NA,NA,NA,NA,NA,NA,NA,NA,NA,NA,NA,NA
E00103106,E07000048,Christchurch,E12000009,South West,196,5,5b,5b1,1.359221171,1.230857713,1.194350129,1.499724327,1.765420892,2.02326775,1.798650909,1.359221171,1.459425882,1.591045422,1.688876018,NA,NA,NA,NA,NA,NA,NA,NA,NA,NA,NA,NA,NA,NA,1.493228083,1.230857713,NA,NA,NA,NA,NA,NA,NA,NA,NA,NA,NA,NA,NA,NA,NA,NA,NA,NA,NA,NA,NA,NA,NA,NA,NA,NA,NA,NA,NA,NA,NA,NA,NA,NA,NA,NA,NA,NA,NA,NA,NA,NA,NA,NA,NA,NA,NA,NA,NA,NA,NA,NA,1.194350129,1.309838951,1.305080292,NA,NA,NA,NA,NA,NA,NA,NA,NA,NA,NA,NA,NA,NA,NA,NA,NA,NA,NA,NA,NA,NA,NA,NA,NA,NA,NA,NA,NA,NA,NA
E00103107,E07000048,Christchurch,E12000009,South West,232,6,6a,6a4,1.382907038,1.292385303,1.149145672,1.417685957,1.912072394,2.254633427,2.037612387,1.430151213,1.382907038,1.72473328,1.76631281,NA,NA,NA,NA,NA,NA,NA,NA,NA,NA,NA,NA,NA,NA,NA,NA,1.292385303,1.477768105,NA,NA,NA,NA,NA,NA,NA,NA,NA,NA,NA,NA,NA,NA,NA,NA,NA,NA,NA,NA,NA,NA,NA,NA,NA,NA,NA,NA,NA,NA,NA,NA,NA,NA,NA,NA,NA,NA,NA,NA,NA,NA,NA,NA,NA,NA,NA,NA,NA,NA,NA,NA,NA,1.496587914,1.439126536,1.310532247,1.149145672,NA,NA,NA,NA,NA,NA,NA,NA,NA,NA,NA,NA,NA,NA,NA,NA,NA,NA,NA,NA,NA,NA,NA,NA,NA,NA,NA
E00103108,E07000048,Christchurch,E12000009,South West,299,6,6a,6a4,1.2081458,1.161218161,0.991849922,1.283686219,1.878124256,2.210171856,1.938083517,1.293960723,1.2081458,1.591639067,1.597536996,NA,NA,NA,NA,NA,NA,NA,NA,NA,NA,NA,NA,NA,NA,NA,NA,1.161218161,1.278709351,NA,NA,NA,NA,NA,NA,NA,NA,NA,NA,NA,NA,NA,NA,NA,NA,NA,NA,NA,NA,NA,NA,NA,NA,NA,NA,NA,NA,NA,NA,NA,NA,NA,NA,NA,NA,NA,NA,NA,NA,NA,NA,NA,NA,NA,NA,NA,NA,NA,NA,NA,NA,NA,1.373193624,1.359693155,1.166512295,0.991849922,NA,NA,NA,NA,NA,NA,NA,NA,NA,NA,NA,NA,NA,NA,NA,NA,NA,NA,NA,NA,NA,NA,NA,NA,NA,NA,NA
E00103109,E07000048,Christchurch,E12000009,South West,330,1,1c,1c3,1.398904918,1.195998201,1.08327297,1.398904918,1.905273362,2.26089834,2.036763064,1.498962146,1.458788307,1.774125799,1.810834096,1.404629223,1.501233503,1.195998201,NA,NA,NA,NA,NA,NA,NA,NA,NA,NA,NA,NA,NA,NA,NA,NA,NA,NA,NA,NA,NA,NA,NA,NA,NA,NA,NA,NA,NA,NA,1.30187116,1.305142537,1.08327297,NA,NA,NA,NA,NA,NA,NA,NA,NA,NA,NA,NA,NA,NA,NA,NA,NA,NA,NA,NA,NA,NA,NA,NA,NA,NA,NA,NA,NA,NA,NA,NA,NA,NA,NA,NA,NA,NA,NA,NA,NA,NA,NA,NA,NA,NA,NA,NA,NA,NA,NA,NA,NA,NA,NA,NA,NA,NA,NA,NA,NA,NA,NA,NA,NA,NA
E00103110,E07000048,Christchurch,E12000009,South West,248,6,6a,6a3,1.178672875,1.041775362,0.940164787,1.341007987,2.223094346,2.537063158,2.220684774,1.611802855,1.178672875,1.960875687,1.791226584,NA,NA,NA,NA,NA,NA,NA,NA,NA,NA,NA,NA,NA,NA,NA,NA,1.041775362,1.306092607,NA,NA,NA,NA,NA,NA,NA,NA,NA,NA,NA,NA,NA,NA,NA,NA,NA,NA,NA,NA,NA,NA,NA,NA,NA,NA,NA,NA,NA,NA,NA,NA,NA,NA,NA,NA,NA,NA,NA,NA,NA,NA,NA,NA,NA,NA,NA,NA,NA,NA,NA,NA,NA,1.322434852,1.160628125,0.940164787,1.077375163,NA,NA,NA,NA,NA,NA,NA,NA,NA,NA,NA,NA,NA,NA,NA,NA,NA,NA,NA,NA,NA,NA,NA,NA,NA,NA,NA
E00103111,E07000048,Christchurch,E12000009,South West,271,1,1a,1a4,1.266734615,1.200742364,1.030109055,1.266734615,2.118963762,2.420536892,2.139393228,1.585105517,1.268075116,1.968796016,1.79161809,1.200742364,1.359669681,1.346625102,NA,NA,NA,NA,NA,NA,NA,NA,NA,NA,NA,NA,NA,NA,NA,NA,NA,NA,NA,NA,NA,NA,NA,1.270146707,1.20396413,1.322291336,1.030109055,NA,NA,NA,NA,NA,NA,NA,NA,NA,NA,NA,NA,NA,NA,NA,NA,NA,NA,NA,NA,NA,NA,NA,NA,NA,NA,NA,NA,NA,NA,NA,NA,NA,NA,NA,NA,NA,NA,NA,NA,NA,NA,NA,NA,NA,NA,NA,NA,NA,NA,NA,NA,NA,NA,NA,NA,NA,NA,NA,NA,NA,NA,NA,NA,NA,NA,NA,NA,NA,NA,NA,NA
E00103112,E07000048,Christchurch,E12000009,South West,207,5,5b,5b3,1.129279209,1.006634339,1.006385898,1.252265613,1.564007665,1.831897627,1.586847018,1.129279209,1.420892799,1.242998053,1.318548616,NA,NA,NA,NA,NA,NA,NA,NA,NA,NA,NA,NA,NA,NA,1.264460425,1.006634339,NA,NA,NA,NA,NA,NA,NA,NA,NA,NA,NA,NA,NA,NA,NA,NA,NA,NA,NA,NA,NA,NA,NA,NA,NA,NA,NA,NA,NA,NA,NA,NA,NA,NA,NA,NA,NA,NA,NA,NA,NA,NA,NA,NA,NA,NA,NA,NA,NA,NA,NA,NA,1.132069894,1.08303781,1.006385898,NA,NA,NA,NA,NA,NA,NA,NA,NA,NA,NA,NA,NA,NA,NA,NA,NA,NA,NA,NA,NA,NA,NA,NA,NA,NA,NA,NA,NA,NA,NA
E00103113,E07000048,Christchurch,E12000009,South West,313,5,5b,5b1,1.045894142,0.991029201,0.9812108,1.381019818,1.187039015,1.510214045,1.397304328,1.045894142,1.447396835,1.147588173,1.357845575,NA,NA,NA,NA,NA,NA,NA,NA,NA,NA,NA,NA,NA,NA,1.136894708,0.991029201,NA,NA,NA,NA,NA,NA,NA,NA,NA,NA,NA,NA,NA,NA,NA,NA,NA,NA,NA,NA,NA,NA,NA,NA,NA,NA,NA,NA,NA,NA,NA,NA,NA,NA,NA,NA,NA,NA,NA,NA,NA,NA,NA,NA,NA,NA,NA,NA,NA,NA,NA,NA,0.9812108,1.106780417,1.05326971,NA,NA,NA,NA,NA,NA,NA,NA,NA,NA,NA,NA,NA,NA,NA,NA,NA,NA,NA,NA,NA,NA,NA,NA,NA,NA,NA,NA,NA,NA,NA
E00103114,E07000048,Christchurch,E12000009,South West,270,1,1a,1a4,1.448721058,1.421676684,1.266888437,1.448721058,1.981013231,2.336522007,2.142649351,1.550850777,1.505298768,1.737265693,1.814316609,1.421676684,1.52240619,1.46848804,NA,NA,NA,NA,NA,NA,NA,NA,NA,NA,NA,NA,NA,NA,NA,NA,NA,NA,NA,NA,NA,NA,NA,1.505098926,1.478578952,1.458825808,1.266888437,NA,NA,NA,NA,NA,NA,NA,NA,NA,NA,NA,NA,NA,NA,NA,NA,NA,NA,NA,NA,NA,NA,NA,NA,NA,NA,NA,NA,NA,NA,NA,NA,NA,NA,NA,NA,NA,NA,NA,NA,NA,NA,NA,NA,NA,NA,NA,NA,NA,NA,NA,NA,NA,NA,NA,NA,NA,NA,NA,NA,NA,NA,NA,NA,NA,NA,NA,NA,NA,NA,NA,NA
E00103115,E07000048,Christchurch,E12000009,South West,445,7,7d,7d3,1.060752169,0.996488479,0.696313877,1.35875638,1.691204058,1.735018023,1.463967613,1.075206611,1.444372307,1.060752169,1.079376046,NA,NA,NA,NA,NA,NA,NA,NA,NA,NA,NA,NA,NA,NA,NA,NA,NA,NA,1.071174179,1.472857579,1.065208995,0.996488479,NA,NA,NA,NA,NA,NA,NA,NA,NA,NA,NA,NA,NA,NA,NA,NA,NA,NA,NA,NA,NA,NA,NA,NA,NA,NA,NA,NA,NA,NA,NA,NA,NA,NA,NA,NA,NA,NA,NA,NA,NA,NA,NA,NA,NA,NA,NA,NA,NA,NA,NA,NA,NA,NA,NA,NA,NA,NA,NA,NA,NA,NA,NA,NA,NA,NA,0.935940699,1.302078694,0.696313877,1.920281791,NA,NA,NA,NA,NA,NA,NA,NA,NA,NA
E00103116,E07000048,Christchurch,E12000009,South West,359,5,5b,5b3,0.611664418,0.570258873,0.554914416,0.872744452,1.59620801,1.821239874,1.370532774,0.611664418,0.737983746,1.162114818,0.946361408,NA,NA,NA,NA,NA,NA,NA,NA,NA,NA,NA,NA,NA,NA,0.721464252,0.570258873,NA,NA,NA,NA,NA,NA,NA,NA,NA,NA,NA,NA,NA,NA,NA,NA,NA,NA,NA,NA,NA,NA,NA,NA,NA,NA,NA,NA,NA,NA,NA,NA,NA,NA,NA,NA,NA,NA,NA,NA,NA,NA,NA,NA,NA,NA,NA,NA,NA,NA,NA,NA,0.627682074,0.871149877,0.554914416,NA,NA,NA,NA,NA,NA,NA,NA,NA,NA,NA,NA,NA,NA,NA,NA,NA,NA,NA,NA,NA,NA,NA,NA,NA,NA,NA,NA,NA,NA,NA
E00103117,E07000048,Christchurch,E12000009,South West,272,6,6b,6b4,0.904716308,0.843585894,0.837758727,0.950431386,1.938612426,2.100359516,1.603391449,1.016606125,0.904716308,1.362561282,0.917119336,NA,NA,NA,NA,NA,NA,NA,NA,NA,NA,NA,NA,NA,NA,NA,NA,1.045482096,0.843585894,NA,NA,NA,NA,NA,NA,NA,NA,NA,NA,NA,NA,NA,NA,NA,NA,NA,NA,NA,NA,NA,NA,NA,NA,NA,NA,NA,NA,NA,NA,NA,NA,NA,NA,NA,NA,NA,NA,NA,NA,NA,NA,NA,NA,NA,NA,NA,NA,NA,NA,NA,NA,NA,NA,NA,NA,NA,1.029988311,0.848789563,0.918530074,0.837758727,NA,NA,NA,NA,NA,NA,NA,NA,NA,NA,NA,NA,NA,NA,NA,NA,NA,NA,NA,NA,NA,NA,NA
E00103118,E07000048,Christchurch,E12000009,South West,294,5,5b,5b1,0.770960015,0.724133769,0.713293898,0.964533458,1.575879799,1.797375209,1.406909956,0.770960015,0.83740065,1.308658125,1.130847178,NA,NA,NA,NA,NA,NA,NA,NA,NA,NA,NA,NA,NA,NA,0.87079615,0.724133769,NA,NA,NA,NA,NA,NA,NA,NA,NA,NA,NA,NA,NA,NA,NA,NA,NA,NA,NA,NA,NA,NA,NA,NA,NA,NA,NA,NA,NA,NA,NA,NA,NA,NA,NA,NA,NA,NA,NA,NA,NA,NA,NA,NA,NA,NA,NA,NA,NA,NA,NA,NA,0.713293898,0.970098571,0.751480157,NA,NA,NA,NA,NA,NA,NA,NA,NA,NA,NA,NA,NA,NA,NA,NA,NA,NA,NA,NA,NA,NA,NA,NA,NA,NA,NA,NA,NA,NA,NA
E00103119,E07000048,Christchurch,E12000009,South West,297,8,8c,8c1,0.789525531,0.715679521,0.691985572,1.230869285,1.59709046,1.457284304,1.068257423,0.887654499,1.253739829,0.888628801,0.789525531,NA,NA,NA,NA,NA,NA,NA,NA,NA,NA,NA,NA,NA,NA,NA,NA,NA,NA,NA,NA,NA,NA,0.926770113,0.974030764,0.715679521,0.795127918,NA,NA,NA,NA,NA,NA,NA,NA,NA,NA,NA,NA,NA,NA,NA,NA,NA,NA,NA,NA,NA,NA,NA,NA,NA,NA,NA,NA,NA,NA,NA,NA,NA,NA,NA,NA,NA,NA,NA,NA,NA,NA,NA,NA,NA,NA,NA,NA,NA,NA,NA,NA,NA,NA,NA,NA,NA,NA,NA,NA,NA,NA,NA,NA,NA,NA,NA,NA,NA,NA,0.691985572,0.820553458,0.764788292,NA,NA,NA
E00103120,E07000048,Christchurch,E12000009,South West,251,8,8c,8c1,0.755414383,0.635509657,0.60023053,1.009819402,1.691203885,1.745909966,1.281730387,0.813476333,1.079716904,0.953429477,0.755414383,NA,NA,NA,NA,NA,NA,NA,NA,NA,NA,NA,NA,NA,NA,NA,NA,NA,NA,NA,NA,NA,NA,0.845033512,0.945051014,0.635509657,0.866861299,NA,NA,NA,NA,NA,NA,NA,NA,NA,NA,NA,NA,NA,NA,NA,NA,NA,NA,NA,NA,NA,NA,NA,NA,NA,NA,NA,NA,NA,NA,NA,NA,NA,NA,NA,NA,NA,NA,NA,NA,NA,NA,NA,NA,NA,NA,NA,NA,NA,NA,NA,NA,NA,NA,NA,NA,NA,NA,NA,NA,NA,NA,NA,NA,NA,NA,NA,NA,NA,NA,0.60023053,0.702522205,0.739670315,NA,NA,NA
E00103121,E07000048,Christchurch,E12000009,South West,383,6,6a,6a3,0.656391869,0.599552274,0.605886054,0.916108374,1.997345566,2.228643513,1.749872623,1.170943224,0.656391869,1.734785122,1.34830892,NA,NA,NA,NA,NA,NA,NA,NA,NA,NA,NA,NA,NA,NA,NA,NA,0.599552274,0.759733768,NA,NA,NA,NA,NA,NA,NA,NA,NA,NA,NA,NA,NA,NA,NA,NA,NA,NA,NA,NA,NA,NA,NA,NA,NA,NA,NA,NA,NA,NA,NA,NA,NA,NA,NA,NA,NA,NA,NA,NA,NA,NA,NA,NA,NA,NA,NA,NA,NA,NA,NA,NA,NA,0.809387238,0.618963107,0.605886054,0.772993579,NA,NA,NA,NA,NA,NA,NA,NA,NA,NA,NA,NA,NA,NA,NA,NA,NA,NA,NA,NA,NA,NA,NA,NA,NA,NA,NA
E00103122,E07000048,Christchurch,E12000009,South West,318,6,6b,6b2,0.785871522,0.688350285,0.626871396,0.861169756,1.845685637,2.046817214,1.45719032,0.875581543,0.785871522,1.380123618,0.845413124,NA,NA,NA,NA,NA,NA,NA,NA,NA,NA,NA,NA,NA,NA,NA,NA,0.97083126,0.688350285,NA,NA,NA,NA,NA,NA,NA,NA,NA,NA,NA,NA,NA,NA,NA,NA,NA,NA,NA,NA,NA,NA,NA,NA,NA,NA,NA,NA,NA,NA,NA,NA,NA,NA,NA,NA,NA,NA,NA,NA,NA,NA,NA,NA,NA,NA,NA,NA,NA,NA,NA,NA,NA,NA,NA,NA,NA,0.851797466,0.626871396,0.81474176,0.773086904,NA,NA,NA,NA,NA,NA,NA,NA,NA,NA,NA,NA,NA,NA,NA,NA,NA,NA,NA,NA,NA,NA,NA
E00103123,E07000048,Christchurch,E12000009,South West,357,6,6a,6a4,0.545610928,0.52759252,0.468378763,0.733450745,1.725582147,1.978473269,1.536623621,0.845406766,0.545610928,1.383094982,1.118075751,NA,NA,NA,NA,NA,NA,NA,NA,NA,NA,NA,NA,NA,NA,NA,NA,0.52759252,0.637129236,NA,NA,NA,NA,NA,NA,NA,NA,NA,NA,NA,NA,NA,NA,NA,NA,NA,NA,NA,NA,NA,NA,NA,NA,NA,NA,NA,NA,NA,NA,NA,NA,NA,NA,NA,NA,NA,NA,NA,NA,NA,NA,NA,NA,NA,NA,NA,NA,NA,NA,NA,NA,NA,0.770253308,0.684394768,0.614239691,0.468378763,NA,NA,NA,NA,NA,NA,NA,NA,NA,NA,NA,NA,NA,NA,NA,NA,NA,NA,NA,NA,NA,NA,NA,NA,NA,NA,NA
E00103124,E07000048,Christchurch,E12000009,South West,316,6,6b,6b4,0.784764202,0.799613382,0.718378871,0.859465882,1.878416385,2.023495392,1.582569584,0.937516882,0.784764202,1.335605647,0.988579556,NA,NA,NA,NA,NA,NA,NA,NA,NA,NA,NA,NA,NA,NA,NA,NA,0.843944673,0.799613382,NA,NA,NA,NA,NA,NA,NA,NA,NA,NA,NA,NA,NA,NA,NA,NA,NA,NA,NA,NA,NA,NA,NA,NA,NA,NA,NA,NA,NA,NA,NA,NA,NA,NA,NA,NA,NA,NA,NA,NA,NA,NA,NA,NA,NA,NA,NA,NA,NA,NA,NA,NA,NA,NA,NA,NA,NA,1.005608502,0.81643647,0.903986598,0.718378871,NA,NA,NA,NA,NA,NA,NA,NA,NA,NA,NA,NA,NA,NA,NA,NA,NA,NA,NA,NA,NA,NA,NA
E00103125,E07000048,Christchurch,E12000009,South West,340,6,6a,6a4,0.754954658,0.64974278,0.638331185,0.971136067,1.9261311,2.171123001,1.808000788,1.152090138,0.754954658,1.57829316,1.347376034,NA,NA,NA,NA,NA,NA,NA,NA,NA,NA,NA,NA,NA,NA,NA,NA,0.64974278,0.878767437,NA,NA,NA,NA,NA,NA,NA,NA,NA,NA,NA,NA,NA,NA,NA,NA,NA,NA,NA,NA,NA,NA,NA,NA,NA,NA,NA,NA,NA,NA,NA,NA,NA,NA,NA,NA,NA,NA,NA,NA,NA,NA,NA,NA,NA,NA,NA,NA,NA,NA,NA,NA,NA,0.932754809,0.750682097,0.676350856,0.638331185,NA,NA,NA,NA,NA,NA,NA,NA,NA,NA,NA,NA,NA,NA,NA,NA,NA,NA,NA,NA,NA,NA,NA,NA,NA,NA,NA
E00103126,E07000048,Christchurch,E12000009,South West,386,5,5b,5b2,1.003932562,1.002543508,0.869501337,1.121730771,1.856152402,1.992656172,1.457489894,1.003932562,1.044814869,1.555513099,1.192760041,NA,NA,NA,NA,NA,NA,NA,NA,NA,NA,NA,NA,NA,NA,1.056345084,1.002543508,NA,NA,NA,NA,NA,NA,NA,NA,NA,NA,NA,NA,NA,NA,NA,NA,NA,NA,NA,NA,NA,NA,NA,NA,NA,NA,NA,NA,NA,NA,NA,NA,NA,NA,NA,NA,NA,NA,NA,NA,NA,NA,NA,NA,NA,NA,NA,NA,NA,NA,NA,NA,1.163532176,0.869501337,1.075431828,NA,NA,NA,NA,NA,NA,NA,NA,NA,NA,NA,NA,NA,NA,NA,NA,NA,NA,NA,NA,NA,NA,NA,NA,NA,NA,NA,NA,NA,NA,NA
E00103127,E07000048,Christchurch,E12000009,South West,348,8,8c,8c1,0.649254407,0.594746954,0.57382465,1.014611693,1.581832579,1.700668379,1.196825643,0.693879155,1.016876242,0.934575551,0.649254407,NA,NA,NA,NA,NA,NA,NA,NA,NA,NA,NA,NA,NA,NA,NA,NA,NA,NA,NA,NA,NA,NA,0.730445538,0.786984401,0.594746954,0.790362523,NA,NA,NA,NA,NA,NA,NA,NA,NA,NA,NA,NA,NA,NA,NA,NA,NA,NA,NA,NA,NA,NA,NA,NA,NA,NA,NA,NA,NA,NA,NA,NA,NA,NA,NA,NA,NA,NA,NA,NA,NA,NA,NA,NA,NA,NA,NA,NA,NA,NA,NA,NA,NA,NA,NA,NA,NA,NA,NA,NA,NA,NA,NA,NA,NA,NA,NA,NA,NA,NA,0.57382465,0.682137361,0.67342137,NA,NA,NA
E00103128,E07000048,Christchurch,E12000009,South West,230,5,5b,5b2,0.808389539,0.757756519,0.658908526,1.166418207,1.476891363,1.801244226,1.396281298,0.808389539,1.201062481,1.259327636,1.189749398,NA,NA,NA,NA,NA,NA,NA,NA,NA,NA,NA,NA,NA,NA,0.908365452,0.757756519,NA,NA,NA,NA,NA,NA,NA,NA,NA,NA,NA,NA,NA,NA,NA,NA,NA,NA,NA,NA,NA,NA,NA,NA,NA,NA,NA,NA,NA,NA,NA,NA,NA,NA,NA,NA,NA,NA,NA,NA,NA,NA,NA,NA,NA,NA,NA,NA,NA,NA,NA,NA,0.909920341,0.658908526,0.853291049,NA,NA,NA,NA,NA,NA,NA,NA,NA,NA,NA,NA,NA,NA,NA,NA,NA,NA,NA,NA,NA,NA,NA,NA,NA,NA,NA,NA,NA,NA,NA
E00103129,E07000048,Christchurch,E12000009,South West,303,6,6a,6a3,0.90855268,0.76217332,0.739956253,1.093452727,2.069822845,2.314322889,1.963772111,1.336144482,0.90855268,1.737998742,1.517958175,NA,NA,NA,NA,NA,NA,NA,NA,NA,NA,NA,NA,NA,NA,NA,NA,0.76217332,1.048132893,NA,NA,NA,NA,NA,NA,NA,NA,NA,NA,NA,NA,NA,NA,NA,NA,NA,NA,NA,NA,NA,NA,NA,NA,NA,NA,NA,NA,NA,NA,NA,NA,NA,NA,NA,NA,NA,NA,NA,NA,NA,NA,NA,NA,NA,NA,NA,NA,NA,NA,NA,NA,NA,1.051326418,0.792656704,0.739956253,0.835410896,NA,NA,NA,NA,NA,NA,NA,NA,NA,NA,NA,NA,NA,NA,NA,NA,NA,NA,NA,NA,NA,NA,NA,NA,NA,NA,NA
E00103130,E07000048,Christchurch,E12000009,South West,270,1,1b,1b2,0.807955328,0.828942663,0.75615953,0.807955328,1.684555271,2.010498615,1.590181693,0.84650195,0.876945162,1.441955023,1.216836356,0.871590113,0.828942663,0.948028762,NA,NA,NA,NA,NA,NA,NA,NA,NA,NA,NA,NA,NA,NA,NA,NA,NA,NA,NA,NA,NA,NA,NA,NA,NA,NA,NA,0.951928323,0.75615953,0.852808071,NA,NA,NA,NA,NA,NA,NA,NA,NA,NA,NA,NA,NA,NA,NA,NA,NA,NA,NA,NA,NA,NA,NA,NA,NA,NA,NA,NA,NA,NA,NA,NA,NA,NA,NA,NA,NA,NA,NA,NA,NA,NA,NA,NA,NA,NA,NA,NA,NA,NA,NA,NA,NA,NA,NA,NA,NA,NA,NA,NA,NA,NA,NA,NA,NA,NA,NA,NA,NA
E00103131,E07000048,Christchurch,E12000009,South West,287,5,5b,5b3,0.710070606,0.684564888,0.622518738,1.077752243,1.412804305,1.587584996,1.239603415,0.710070606,1.151324969,0.914445536,0.875305813,NA,NA,NA,NA,NA,NA,NA,NA,NA,NA,NA,NA,NA,NA,0.799660929,0.684564888,NA,NA,NA,NA,NA,NA,NA,NA,NA,NA,NA,NA,NA,NA,NA,NA,NA,NA,NA,NA,NA,NA,NA,NA,NA,NA,NA,NA,NA,NA,NA,NA,NA,NA,NA,NA,NA,NA,NA,NA,NA,NA,NA,NA,NA,NA,NA,NA,NA,NA,NA,NA,0.795461944,0.958598623,0.622518738,NA,NA,NA,NA,NA,NA,NA,NA,NA,NA,NA,NA,NA,NA,NA,NA,NA,NA,NA,NA,NA,NA,NA,NA,NA,NA,NA,NA,NA,NA,NA
E00103132,E07000048,Christchurch,E12000009,South West,294,5,5a,5a1,0.65664024,0.654398684,0.542906265,0.898427089,1.681612429,1.878608874,1.328323489,0.65664024,0.839702083,1.17848979,0.796443963,NA,NA,NA,NA,NA,NA,NA,NA,NA,NA,NA,NA,NA,NA,0.654398684,0.749484359,NA,NA,NA,NA,NA,NA,NA,NA,NA,NA,NA,NA,NA,NA,NA,NA,NA,NA,NA,NA,NA,NA,NA,NA,NA,NA,NA,NA,NA,NA,NA,NA,NA,NA,NA,NA,NA,NA,NA,NA,NA,NA,NA,NA,NA,NA,NA,NA,NA,0.542906265,0.794052503,0.816189783,NA,NA,NA,NA,NA,NA,NA,NA,NA,NA,NA,NA,NA,NA,NA,NA,NA,NA,NA,NA,NA,NA,NA,NA,NA,NA,NA,NA,NA,NA,NA,NA,NA,NA
E00103133,E07000048,Christchurch,E12000009,South West,232,6,6a,6a3,1.019020757,0.942126257,0.886466205,1.125720647,2.012993315,2.352787973,1.980177156,1.337099641,1.019020757,1.809532776,1.568587557,NA,NA,NA,NA,NA,NA,NA,NA,NA,NA,NA,NA,NA,NA,NA,NA,0.942126257,1.11484655,NA,NA,NA,NA,NA,NA,NA,NA,NA,NA,NA,NA,NA,NA,NA,NA,NA,NA,NA,NA,NA,NA,NA,NA,NA,NA,NA,NA,NA,NA,NA,NA,NA,NA,NA,NA,NA,NA,NA,NA,NA,NA,NA,NA,NA,NA,NA,NA,NA,NA,NA,NA,NA,1.208036547,1.025357999,0.886466205,0.983956199,NA,NA,NA,NA,NA,NA,NA,NA,NA,NA,NA,NA,NA,NA,NA,NA,NA,NA,NA,NA,NA,NA,NA,NA,NA,NA,NA
E00103134,E07000048,Christchurch,E12000009,South West,273,5,5b,5b3,1.037148585,0.905098609,0.856386159,1.095572779,1.669100274,1.845316781,1.599486209,1.037148585,1.275898302,1.150978996,1.171748098,NA,NA,NA,NA,NA,NA,NA,NA,NA,NA,NA,NA,NA,NA,1.180975336,0.905098609,NA,NA,NA,NA,NA,NA,NA,NA,NA,NA,NA,NA,NA,NA,NA,NA,NA,NA,NA,NA,NA,NA,NA,NA,NA,NA,NA,NA,NA,NA,NA,NA,NA,NA,NA,NA,NA,NA,NA,NA,NA,NA,NA,NA,NA,NA,NA,NA,NA,NA,NA,NA,1.048887791,1.067151801,0.856386159,NA,NA,NA,NA,NA,NA,NA,NA,NA,NA,NA,NA,NA,NA,NA,NA,NA,NA,NA,NA,NA,NA,NA,NA,NA,NA,NA,NA,NA,NA,NA
E00103135,E07000048,Christchurch,E12000009,South West,244,5,5b,5b3,0.791728591,0.671775471,0.710050943,0.988389982,1.577850071,1.866438806,1.493952811,0.791728591,0.9604608,1.264981775,1.167983327,NA,NA,NA,NA,NA,NA,NA,NA,NA,NA,NA,NA,NA,NA,0.937305218,0.671775471,NA,NA,NA,NA,NA,NA,NA,NA,NA,NA,NA,NA,NA,NA,NA,NA,NA,NA,NA,NA,NA,NA,NA,NA,NA,NA,NA,NA,NA,NA,NA,NA,NA,NA,NA,NA,NA,NA,NA,NA,NA,NA,NA,NA,NA,NA,NA,NA,NA,NA,NA,NA,0.721595395,0.860321625,0.710050943,NA,NA,NA,NA,NA,NA,NA,NA,NA,NA,NA,NA,NA,NA,NA,NA,NA,NA,NA,NA,NA,NA,NA,NA,NA,NA,NA,NA,NA,NA,NA
E00103136,E07000048,Christchurch,E12000009,South West,325,5,5b,5b2,1.192666057,1.087116533,0.907766204,1.237328233,1.886229764,2.197150964,1.835779524,1.192666057,1.329441673,1.614715276,1.477674103,NA,NA,NA,NA,NA,NA,NA,NA,NA,NA,NA,NA,NA,NA,1.3146473,1.087116533,NA,NA,NA,NA,NA,NA,NA,NA,NA,NA,NA,NA,NA,NA,NA,NA,NA,NA,NA,NA,NA,NA,NA,NA,NA,NA,NA,NA,NA,NA,NA,NA,NA,NA,NA,NA,NA,NA,NA,NA,NA,NA,NA,NA,NA,NA,NA,NA,NA,NA,NA,NA,1.247467986,0.907766204,1.170992733,NA,NA,NA,NA,NA,NA,NA,NA,NA,NA,NA,NA,NA,NA,NA,NA,NA,NA,NA,NA,NA,NA,NA,NA,NA,NA,NA,NA,NA,NA,NA
E00103137,E07000048,Christchurch,E12000009,South West,300,6,6a,6a3,1.03901252,0.884322479,0.839178821,1.215543559,2.124985928,2.423606243,2.066120452,1.462350571,1.03901252,1.918046781,1.703041478,NA,NA,NA,NA,NA,NA,NA,NA,NA,NA,NA,NA,NA,NA,NA,NA,0.884322479,1.179589442,NA,NA,NA,NA,NA,NA,NA,NA,NA,NA,NA,NA,NA,NA,NA,NA,NA,NA,NA,NA,NA,NA,NA,NA,NA,NA,NA,NA,NA,NA,NA,NA,NA,NA,NA,NA,NA,NA,NA,NA,NA,NA,NA,NA,NA,NA,NA,NA,NA,NA,NA,NA,NA,1.124533228,0.942184671,0.839178821,0.970415594,NA,NA,NA,NA,NA,NA,NA,NA,NA,NA,NA,NA,NA,NA,NA,NA,NA,NA,NA,NA,NA,NA,NA,NA,NA,NA,NA
E00103138,E07000048,Christchurch,E12000009,South West,272,1,1c,1c3,1.351902979,1.17739218,0.996919539,1.351902979,2.21492568,2.541031576,2.258104523,1.624897226,1.364221836,1.994443698,1.88545783,1.335559221,1.465425741,1.17739218,NA,NA,NA,NA,NA,NA,NA,NA,NA,NA,NA,NA,NA,NA,NA,NA,NA,NA,NA,NA,NA,NA,NA,NA,NA,NA,NA,NA,NA,NA,1.361981281,1.274117007,0.996919539,NA,NA,NA,NA,NA,NA,NA,NA,NA,NA,NA,NA,NA,NA,NA,NA,NA,NA,NA,NA,NA,NA,NA,NA,NA,NA,NA,NA,NA,NA,NA,NA,NA,NA,NA,NA,NA,NA,NA,NA,NA,NA,NA,NA,NA,NA,NA,NA,NA,NA,NA,NA,NA,NA,NA,NA,NA,NA,NA,NA,NA,NA,NA,NA,NA,NA
E00103139,E07000048,Christchurch,E12000009,South West,313,5,5a,5a1,0.738445343,0.731012378,0.648912299,0.996566705,1.65455619,1.893056616,1.365284228,0.738445343,0.954483798,1.271567655,0.956617526,NA,NA,NA,NA,NA,NA,NA,NA,NA,NA,NA,NA,NA,NA,0.731012378,0.827918385,NA,NA,NA,NA,NA,NA,NA,NA,NA,NA,NA,NA,NA,NA,NA,NA,NA,NA,NA,NA,NA,NA,NA,NA,NA,NA,NA,NA,NA,NA,NA,NA,NA,NA,NA,NA,NA,NA,NA,NA,NA,NA,NA,NA,NA,NA,NA,NA,NA,0.648912299,0.857652444,0.865500735,NA,NA,NA,NA,NA,NA,NA,NA,NA,NA,NA,NA,NA,NA,NA,NA,NA,NA,NA,NA,NA,NA,NA,NA,NA,NA,NA,NA,NA,NA,NA,NA,NA,NA
E00103140,E07000048,Christchurch,E12000009,South West,203,6,6a,6a4,1.277960573,1.220001149,1.036065632,1.308264428,1.820136851,2.141384413,1.924067645,1.303569811,1.277960573,1.54014704,1.586843098,NA,NA,NA,NA,NA,NA,NA,NA,NA,NA,NA,NA,NA,NA,NA,NA,1.220001149,1.353977524,NA,NA,NA,NA,NA,NA,NA,NA,NA,NA,NA,NA,NA,NA,NA,NA,NA,NA,NA,NA,NA,NA,NA,NA,NA,NA,NA,NA,NA,NA,NA,NA,NA,NA,NA,NA,NA,NA,NA,NA,NA,NA,NA,NA,NA,NA,NA,NA,NA,NA,NA,NA,NA,1.41151208,1.402289615,1.25067917,1.036065632,NA,NA,NA,NA,NA,NA,NA,NA,NA,NA,NA,NA,NA,NA,NA,NA,NA,NA,NA,NA,NA,NA,NA,NA,NA,NA,NA
E00103141,E07000048,Christchurch,E12000009,South West,235,6,6b,6b2,0.730054252,0.751354035,0.749095441,0.973880506,2.079448031,2.347462878,1.824057973,1.151918342,0.730054252,1.724427357,1.308461498,NA,NA,NA,NA,NA,NA,NA,NA,NA,NA,NA,NA,NA,NA,NA,NA,0.786385269,0.751354035,NA,NA,NA,NA,NA,NA,NA,NA,NA,NA,NA,NA,NA,NA,NA,NA,NA,NA,NA,NA,NA,NA,NA,NA,NA,NA,NA,NA,NA,NA,NA,NA,NA,NA,NA,NA,NA,NA,NA,NA,NA,NA,NA,NA,NA,NA,NA,NA,NA,NA,NA,NA,NA,NA,NA,NA,NA,0.974836973,0.749095441,0.782556549,0.82296243,NA,NA,NA,NA,NA,NA,NA,NA,NA,NA,NA,NA,NA,NA,NA,NA,NA,NA,NA,NA,NA,NA,NA
E00103142,E07000048,Christchurch,E12000009,South West,239,5,5a,5a1,0.646914219,0.675512781,0.611359571,0.913088713,1.556718838,1.799182443,1.272241049,0.646914219,0.962244737,1.093424536,0.802533535,NA,NA,NA,NA,NA,NA,NA,NA,NA,NA,NA,NA,NA,NA,0.675512781,0.707144997,NA,NA,NA,NA,NA,NA,NA,NA,NA,NA,NA,NA,NA,NA,NA,NA,NA,NA,NA,NA,NA,NA,NA,NA,NA,NA,NA,NA,NA,NA,NA,NA,NA,NA,NA,NA,NA,NA,NA,NA,NA,NA,NA,NA,NA,NA,NA,NA,NA,0.611359571,0.811074581,0.79611607,NA,NA,NA,NA,NA,NA,NA,NA,NA,NA,NA,NA,NA,NA,NA,NA,NA,NA,NA,NA,NA,NA,NA,NA,NA,NA,NA,NA,NA,NA,NA,NA,NA,NA
E00103143,E07000048,Christchurch,E12000009,South West,230,6,6a,6a3,0.998556279,0.913266835,0.812882625,1.20446704,2.158721575,2.462564891,2.061126163,1.44236647,0.998556279,1.893224803,1.626804417,NA,NA,NA,NA,NA,NA,NA,NA,NA,NA,NA,NA,NA,NA,NA,NA,0.913266835,1.100257581,NA,NA,NA,NA,NA,NA,NA,NA,NA,NA,NA,NA,NA,NA,NA,NA,NA,NA,NA,NA,NA,NA,NA,NA,NA,NA,NA,NA,NA,NA,NA,NA,NA,NA,NA,NA,NA,NA,NA,NA,NA,NA,NA,NA,NA,NA,NA,NA,NA,NA,NA,NA,NA,1.16303573,1.077666843,0.812882625,0.954444188,NA,NA,NA,NA,NA,NA,NA,NA,NA,NA,NA,NA,NA,NA,NA,NA,NA,NA,NA,NA,NA,NA,NA,NA,NA,NA,NA
E00103144,E07000048,Christchurch,E12000009,South West,327,1,1c,1c3,0.671843045,0.646927234,0.605139832,0.671843045,1.920982391,2.134639493,1.681428495,1.0088481,0.754800202,1.483021318,1.180725099,0.759480575,0.736412772,0.646927234,NA,NA,NA,NA,NA,NA,NA,NA,NA,NA,NA,NA,NA,NA,NA,NA,NA,NA,NA,NA,NA,NA,NA,NA,NA,NA,NA,NA,NA,NA,0.816710475,0.700658877,0.605139832,NA,NA,NA,NA,NA,NA,NA,NA,NA,NA,NA,NA,NA,NA,NA,NA,NA,NA,NA,NA,NA,NA,NA,NA,NA,NA,NA,NA,NA,NA,NA,NA,NA,NA,NA,NA,NA,NA,NA,NA,NA,NA,NA,NA,NA,NA,NA,NA,NA,NA,NA,NA,NA,NA,NA,NA,NA,NA,NA,NA,NA,NA,NA,NA,NA,NA
E00103145,E07000048,Christchurch,E12000009,South West,115,7,7d,7d4,1.884895408,1.501544,1.442318602,2.009545022,2.439064385,2.579870055,2.394989398,2.005915941,2.111655637,1.884895408,1.938872639,NA,NA,NA,NA,NA,NA,NA,NA,NA,NA,NA,NA,NA,NA,NA,NA,NA,NA,2.007927703,2.134432525,1.886626051,1.501544,NA,NA,NA,NA,NA,NA,NA,NA,NA,NA,NA,NA,NA,NA,NA,NA,NA,NA,NA,NA,NA,NA,NA,NA,NA,NA,NA,NA,NA,NA,NA,NA,NA,NA,NA,NA,NA,NA,NA,NA,NA,NA,NA,NA,NA,NA,NA,NA,NA,NA,NA,NA,NA,NA,NA,NA,NA,NA,NA,NA,NA,NA,NA,NA,NA,NA,1.548140517,1.572394207,1.737460523,1.442318602,NA,NA,NA,NA,NA,NA,NA,NA,NA,NA
E00103146,E07000048,Christchurch,E12000009,South West,285,6,6a,6a3,0.726082948,0.63993151,0.609328394,0.908364094,2.010366976,2.292142539,1.856185866,1.173730298,0.726082948,1.703435031,1.376794559,NA,NA,NA,NA,NA,NA,NA,NA,NA,NA,NA,NA,NA,NA,NA,NA,0.63993151,0.841090197,NA,NA,NA,NA,NA,NA,NA,NA,NA,NA,NA,NA,NA,NA,NA,NA,NA,NA,NA,NA,NA,NA,NA,NA,NA,NA,NA,NA,NA,NA,NA,NA,NA,NA,NA,NA,NA,NA,NA,NA,NA,NA,NA,NA,NA,NA,NA,NA,NA,NA,NA,NA,NA,0.960840469,0.686632943,0.609328394,0.726730483,NA,NA,NA,NA,NA,NA,NA,NA,NA,NA,NA,NA,NA,NA,NA,NA,NA,NA,NA,NA,NA,NA,NA,NA,NA,NA,NA
E00103147,E07000048,Christchurch,E12000009,South West,307,6,6a,6a4,0.78960713,0.740248628,0.633614174,0.870573748,1.787445961,1.990859703,1.598471496,0.966425388,0.78960713,1.437792016,1.231027483,NA,NA,NA,NA,NA,NA,NA,NA,NA,NA,NA,NA,NA,NA,NA,NA,0.740248628,0.879115178,NA,NA,NA,NA,NA,NA,NA,NA,NA,NA,NA,NA,NA,NA,NA,NA,NA,NA,NA,NA,NA,NA,NA,NA,NA,NA,NA,NA,NA,NA,NA,NA,NA,NA,NA,NA,NA,NA,NA,NA,NA,NA,NA,NA,NA,NA,NA,NA,NA,NA,NA,NA,NA,0.932579207,0.892645087,0.816913244,0.633614174,NA,NA,NA,NA,NA,NA,NA,NA,NA,NA,NA,NA,NA,NA,NA,NA,NA,NA,NA,NA,NA,NA,NA,NA,NA,NA,NA
E00103148,E07000048,Christchurch,E12000009,South West,362,5,5b,5b1,0.787912337,0.716447844,0.736819205,0.880603945,1.611749014,1.929991716,1.490546486,0.787912337,0.824803024,1.38926489,1.187582529,NA,NA,NA,NA,NA,NA,NA,NA,NA,NA,NA,NA,NA,NA,0.903275992,0.716447844,NA,NA,NA,NA,NA,NA,NA,NA,NA,NA,NA,NA,NA,NA,NA,NA,NA,NA,NA,NA,NA,NA,NA,NA,NA,NA,NA,NA,NA,NA,NA,NA,NA,NA,NA,NA,NA,NA,NA,NA,NA,NA,NA,NA,NA,NA,NA,NA,NA,NA,NA,NA,0.736819205,0.865107266,0.784632944,NA,NA,NA,NA,NA,NA,NA,NA,NA,NA,NA,NA,NA,NA,NA,NA,NA,NA,NA,NA,NA,NA,NA,NA,NA,NA,NA,NA,NA,NA,NA
E00103149,E07000048,Christchurch,E12000009,South West,315,6,6a,6a4,0.612494094,0.553623586,0.525299847,0.77568778,1.909344172,2.14811921,1.711410858,1.039620529,0.612494094,1.579441371,1.28567203,NA,NA,NA,NA,NA,NA,NA,NA,NA,NA,NA,NA,NA,NA,NA,NA,0.553623586,0.720756703,NA,NA,NA,NA,NA,NA,NA,NA,NA,NA,NA,NA,NA,NA,NA,NA,NA,NA,NA,NA,NA,NA,NA,NA,NA,NA,NA,NA,NA,NA,NA,NA,NA,NA,NA,NA,NA,NA,NA,NA,NA,NA,NA,NA,NA,NA,NA,NA,NA,NA,NA,NA,NA,0.839741511,0.749218736,0.554135768,0.525299847,NA,NA,NA,NA,NA,NA,NA,NA,NA,NA,NA,NA,NA,NA,NA,NA,NA,NA,NA,NA,NA,NA,NA,NA,NA,NA,NA
E00103150,E07000048,Christchurch,E12000009,South West,326,6,6a,6a4,0.896797287,0.909041369,0.832839165,0.971234669,1.711993949,1.860339553,1.467972001,0.97906345,0.896797287,1.227525317,1.070302182,NA,NA,NA,NA,NA,NA,NA,NA,NA,NA,NA,NA,NA,NA,NA,NA,0.909041369,0.939226222,NA,NA,NA,NA,NA,NA,NA,NA,NA,NA,NA,NA,NA,NA,NA,NA,NA,NA,NA,NA,NA,NA,NA,NA,NA,NA,NA,NA,NA,NA,NA,NA,NA,NA,NA,NA,NA,NA,NA,NA,NA,NA,NA,NA,NA,NA,NA,NA,NA,NA,NA,NA,NA,1.048557921,1.02750185,0.985545932,0.832839165,NA,NA,NA,NA,NA,NA,NA,NA,NA,NA,NA,NA,NA,NA,NA,NA,NA,NA,NA,NA,NA,NA,NA,NA,NA,NA,NA
E00103151,E07000048,Christchurch,E12000009,South West,307,6,6a,6a4,0.826899137,0.836868844,0.706544326,0.854579723,1.756650748,2.010916384,1.585654427,0.842058223,0.826899137,1.345058999,1.111280523,NA,NA,NA,NA,NA,NA,NA,NA,NA,NA,NA,NA,NA,NA,NA,NA,0.836868844,0.875046387,NA,NA,NA,NA,NA,NA,NA,NA,NA,NA,NA,NA,NA,NA,NA,NA,NA,NA,NA,NA,NA,NA,NA,NA,NA,NA,NA,NA,NA,NA,NA,NA,NA,NA,NA,NA,NA,NA,NA,NA,NA,NA,NA,NA,NA,NA,NA,NA,NA,NA,NA,NA,NA,1.070360839,0.940942237,0.914759394,0.706544326,NA,NA,NA,NA,NA,NA,NA,NA,NA,NA,NA,NA,NA,NA,NA,NA,NA,NA,NA,NA,NA,NA,NA,NA,NA,NA,NA
E00103152,E07000048,Christchurch,E12000009,South West,251,8,8c,8c1,0.704783609,0.58780003,0.556540778,1.056508288,1.610289333,1.672995596,1.268036505,0.773837316,1.149906644,0.86817342,0.704783609,NA,NA,NA,NA,NA,NA,NA,NA,NA,NA,NA,NA,NA,NA,NA,NA,NA,NA,NA,NA,NA,NA,0.82629649,0.879747862,0.58780003,0.806963311,NA,NA,NA,NA,NA,NA,NA,NA,NA,NA,NA,NA,NA,NA,NA,NA,NA,NA,NA,NA,NA,NA,NA,NA,NA,NA,NA,NA,NA,NA,NA,NA,NA,NA,NA,NA,NA,NA,NA,NA,NA,NA,NA,NA,NA,NA,NA,NA,NA,NA,NA,NA,NA,NA,NA,NA,NA,NA,NA,NA,NA,NA,NA,NA,NA,NA,NA,NA,NA,NA,0.556540778,0.659569917,0.691512951,NA,NA,NA
E00103153,E07000048,Christchurch,E12000009,South West,255,6,6a,6a3,1.012091182,0.948038104,0.806904695,1.039690401,2.319967468,2.541942906,2.114518429,1.506196828,1.012091182,1.864837899,1.541232516,NA,NA,NA,NA,NA,NA,NA,NA,NA,NA,NA,NA,NA,NA,NA,NA,0.948038104,1.100147575,NA,NA,NA,NA,NA,NA,NA,NA,NA,NA,NA,NA,NA,NA,NA,NA,NA,NA,NA,NA,NA,NA,NA,NA,NA,NA,NA,NA,NA,NA,NA,NA,NA,NA,NA,NA,NA,NA,NA,NA,NA,NA,NA,NA,NA,NA,NA,NA,NA,NA,NA,NA,NA,1.249247483,1.035144286,0.806904695,1.05986738,NA,NA,NA,NA,NA,NA,NA,NA,NA,NA,NA,NA,NA,NA,NA,NA,NA,NA,NA,NA,NA,NA,NA,NA,NA,NA,NA
E00103154,E07000048,Christchurch,E12000009,South West,275,6,6a,6a3,1.025170209,0.903127874,0.862810874,1.045145856,1.993409096,2.308630094,1.993280736,1.330973789,1.025170209,1.722260339,1.570033402,NA,NA,NA,NA,NA,NA,NA,NA,NA,NA,NA,NA,NA,NA,NA,NA,0.903127874,1.147752097,NA,NA,NA,NA,NA,NA,NA,NA,NA,NA,NA,NA,NA,NA,NA,NA,NA,NA,NA,NA,NA,NA,NA,NA,NA,NA,NA,NA,NA,NA,NA,NA,NA,NA,NA,NA,NA,NA,NA,NA,NA,NA,NA,NA,NA,NA,NA,NA,NA,NA,NA,NA,NA,1.201027108,1.023151825,0.862810874,0.867279348,NA,NA,NA,NA,NA,NA,NA,NA,NA,NA,NA,NA,NA,NA,NA,NA,NA,NA,NA,NA,NA,NA,NA,NA,NA,NA,NA
E00103155,E07000048,Christchurch,E12000009,South West,313,6,6b,6b2,0.75855356,0.785853586,0.687443296,0.902584716,1.909359567,2.153983601,1.636328009,0.981800284,0.75855356,1.540414145,1.142788059,NA,NA,NA,NA,NA,NA,NA,NA,NA,NA,NA,NA,NA,NA,NA,NA,0.803949115,0.785853586,NA,NA,NA,NA,NA,NA,NA,NA,NA,NA,NA,NA,NA,NA,NA,NA,NA,NA,NA,NA,NA,NA,NA,NA,NA,NA,NA,NA,NA,NA,NA,NA,NA,NA,NA,NA,NA,NA,NA,NA,NA,NA,NA,NA,NA,NA,NA,NA,NA,NA,NA,NA,NA,NA,NA,NA,NA,0.997649735,0.687443296,0.935454165,0.823510112,NA,NA,NA,NA,NA,NA,NA,NA,NA,NA,NA,NA,NA,NA,NA,NA,NA,NA,NA,NA,NA,NA,NA
E00103156,E07000048,Christchurch,E12000009,South West,289,8,8a,8a1,0.61268362,0.586033764,0.567747899,0.988990104,1.774187625,1.871819669,1.377519642,0.905511036,1.064729126,1.114925869,0.61268362,NA,NA,NA,NA,NA,NA,NA,NA,NA,NA,NA,NA,NA,NA,NA,NA,NA,NA,NA,NA,NA,NA,0.586033764,0.644449034,0.715843868,0.789886147,NA,NA,NA,NA,NA,NA,NA,NA,NA,NA,NA,NA,NA,NA,NA,NA,NA,NA,NA,NA,NA,NA,NA,NA,NA,NA,NA,NA,NA,NA,NA,NA,NA,NA,NA,NA,NA,NA,NA,NA,NA,NA,NA,NA,NA,NA,NA,NA,NA,NA,NA,NA,NA,NA,NA,NA,NA,NA,NA,NA,NA,NA,NA,NA,NA,NA,0.567747899,0.67897084,NA,NA,NA,NA,NA,NA,NA,NA
E00103157,E07000048,Christchurch,E12000009,South West,259,5,5b,5b3,0.813580652,0.811273843,0.732064041,1.044740186,1.661386243,1.798905283,1.370871556,0.813580652,1.13969662,1.047731347,0.857329395,NA,NA,NA,NA,NA,NA,NA,NA,NA,NA,NA,NA,NA,NA,0.87789372,0.811273843,NA,NA,NA,NA,NA,NA,NA,NA,NA,NA,NA,NA,NA,NA,NA,NA,NA,NA,NA,NA,NA,NA,NA,NA,NA,NA,NA,NA,NA,NA,NA,NA,NA,NA,NA,NA,NA,NA,NA,NA,NA,NA,NA,NA,NA,NA,NA,NA,NA,NA,NA,NA,1.032146246,0.949223391,0.732064041,NA,NA,NA,NA,NA,NA,NA,NA,NA,NA,NA,NA,NA,NA,NA,NA,NA,NA,NA,NA,NA,NA,NA,NA,NA,NA,NA,NA,NA,NA,NA
E00103158,E07000048,Christchurch,E12000009,South West,379,5,5b,5b3,0.758558804,0.645885183,0.65801657,0.798864242,1.670414783,1.888505657,1.472485184,0.758558804,0.7912421,1.243416052,1.048051165,NA,NA,NA,NA,NA,NA,NA,NA,NA,NA,NA,NA,NA,NA,0.901509742,0.645885183,NA,NA,NA,NA,NA,NA,NA,NA,NA,NA,NA,NA,NA,NA,NA,NA,NA,NA,NA,NA,NA,NA,NA,NA,NA,NA,NA,NA,NA,NA,NA,NA,NA,NA,NA,NA,NA,NA,NA,NA,NA,NA,NA,NA,NA,NA,NA,NA,NA,NA,NA,NA,0.792871431,0.782004794,0.65801657,NA,NA,NA,NA,NA,NA,NA,NA,NA,NA,NA,NA,NA,NA,NA,NA,NA,NA,NA,NA,NA,NA,NA,NA,NA,NA,NA,NA,NA,NA,NA
E00103159,E07000048,Christchurch,E12000009,South West,340,5,5b,5b3,0.771555607,0.748477713,0.679033987,1.009769766,1.580168629,1.648396467,1.22132217,0.771555607,1.042378632,0.974278043,0.807844684,NA,NA,NA,NA,NA,NA,NA,NA,NA,NA,NA,NA,NA,NA,0.854485861,0.748477713,NA,NA,NA,NA,NA,NA,NA,NA,NA,NA,NA,NA,NA,NA,NA,NA,NA,NA,NA,NA,NA,NA,NA,NA,NA,NA,NA,NA,NA,NA,NA,NA,NA,NA,NA,NA,NA,NA,NA,NA,NA,NA,NA,NA,NA,NA,NA,NA,NA,NA,NA,NA,0.877914616,0.995900206,0.679033987,NA,NA,NA,NA,NA,NA,NA,NA,NA,NA,NA,NA,NA,NA,NA,NA,NA,NA,NA,NA,NA,NA,NA,NA,NA,NA,NA,NA,NA,NA,NA
E00103160,E07000048,Christchurch,E12000009,South West,327,8,8c,8c1,0.682688613,0.556713504,0.530711454,1.074466226,1.663021274,1.68177958,1.30086327,0.833967541,1.153851449,0.864913578,0.682688613,NA,NA,NA,NA,NA,NA,NA,NA,NA,NA,NA,NA,NA,NA,NA,NA,NA,NA,NA,NA,NA,NA,0.793448648,0.904347559,0.556713504,0.765591461,NA,NA,NA,NA,NA,NA,NA,NA,NA,NA,NA,NA,NA,NA,NA,NA,NA,NA,NA,NA,NA,NA,NA,NA,NA,NA,NA,NA,NA,NA,NA,NA,NA,NA,NA,NA,NA,NA,NA,NA,NA,NA,NA,NA,NA,NA,NA,NA,NA,NA,NA,NA,NA,NA,NA,NA,NA,NA,NA,NA,NA,NA,NA,NA,NA,NA,NA,NA,NA,NA,0.530711454,0.669856704,0.627209237,NA,NA,NA
E00103161,E07000048,Christchurch,E12000009,South West,237,5,5b,5b2,0.86125877,0.80200969,0.714227376,1.266774274,1.431549699,1.538419827,1.252521244,0.86125877,1.404036155,0.918884588,0.974505841,NA,NA,NA,NA,NA,NA,NA,NA,NA,NA,NA,NA,NA,NA,0.964060957,0.80200969,NA,NA,NA,NA,NA,NA,NA,NA,NA,NA,NA,NA,NA,NA,NA,NA,NA,NA,NA,NA,NA,NA,NA,NA,NA,NA,NA,NA,NA,NA,NA,NA,NA,NA,NA,NA,NA,NA,NA,NA,NA,NA,NA,NA,NA,NA,NA,NA,NA,NA,NA,NA,1.035171183,0.714227376,0.8316443,NA,NA,NA,NA,NA,NA,NA,NA,NA,NA,NA,NA,NA,NA,NA,NA,NA,NA,NA,NA,NA,NA,NA,NA,NA,NA,NA,NA,NA,NA,NA
E00103162,E07000048,Christchurch,E12000009,South West,341,5,5b,5b3,0.633940457,0.607850441,0.584887822,1.014252569,1.413352899,1.586957108,1.19207133,0.633940457,0.988066493,1.019300523,0.900488524,NA,NA,NA,NA,NA,NA,NA,NA,NA,NA,NA,NA,NA,NA,0.731093952,0.607850441,NA,NA,NA,NA,NA,NA,NA,NA,NA,NA,NA,NA,NA,NA,NA,NA,NA,NA,NA,NA,NA,NA,NA,NA,NA,NA,NA,NA,NA,NA,NA,NA,NA,NA,NA,NA,NA,NA,NA,NA,NA,NA,NA,NA,NA,NA,NA,NA,NA,NA,NA,NA,0.67801722,0.893437754,0.584887822,NA,NA,NA,NA,NA,NA,NA,NA,NA,NA,NA,NA,NA,NA,NA,NA,NA,NA,NA,NA,NA,NA,NA,NA,NA,NA,NA,NA,NA,NA,NA
E00103163,E07000048,Christchurch,E12000009,South West,371,5,5b,5b3,0.572804915,0.562118712,0.541280135,0.874833157,1.502649363,1.66618667,1.195927574,0.572804915,0.853110204,1.05724938,0.818494932,NA,NA,NA,NA,NA,NA,NA,NA,NA,NA,NA,NA,NA,NA,0.66622857,0.562118712,NA,NA,NA,NA,NA,NA,NA,NA,NA,NA,NA,NA,NA,NA,NA,NA,NA,NA,NA,NA,NA,NA,NA,NA,NA,NA,NA,NA,NA,NA,NA,NA,NA,NA,NA,NA,NA,NA,NA,NA,NA,NA,NA,NA,NA,NA,NA,NA,NA,NA,NA,NA,0.688615814,0.808721558,0.541280135,NA,NA,NA,NA,NA,NA,NA,NA,NA,NA,NA,NA,NA,NA,NA,NA,NA,NA,NA,NA,NA,NA,NA,NA,NA,NA,NA,NA,NA,NA,NA
E00103164,E07000048,Christchurch,E12000009,South West,281,5,5a,5a3,0.635154393,0.669527278,0.628638935,1.127741462,1.350494877,1.653594147,1.287125477,0.635154393,1.143500305,0.953868144,0.91738295,NA,NA,NA,NA,NA,NA,NA,NA,NA,NA,NA,NA,NA,NA,0.669527278,0.690312387,NA,NA,NA,NA,NA,NA,NA,NA,NA,NA,NA,NA,NA,NA,NA,NA,NA,NA,NA,NA,NA,NA,NA,NA,NA,NA,NA,NA,NA,NA,NA,NA,NA,NA,NA,NA,NA,NA,NA,NA,NA,NA,NA,NA,NA,NA,NA,NA,NA,0.682872867,0.874687525,0.628638935,NA,NA,NA,NA,NA,NA,NA,NA,NA,NA,NA,NA,NA,NA,NA,NA,NA,NA,NA,NA,NA,NA,NA,NA,NA,NA,NA,NA,NA,NA,NA,NA,NA,NA
E00103165,E07000048,Christchurch,E12000009,South West,293,6,6a,6a2,0.638296684,0.651390499,0.653325863,0.883689217,1.879581491,2.04511789,1.563017056,0.97422067,0.638296684,1.441110531,1.060380261,NA,NA,NA,NA,NA,NA,NA,NA,NA,NA,NA,NA,NA,NA,NA,NA,0.651390499,0.699390663,NA,NA,NA,NA,NA,NA,NA,NA,NA,NA,NA,NA,NA,NA,NA,NA,NA,NA,NA,NA,NA,NA,NA,NA,NA,NA,NA,NA,NA,NA,NA,NA,NA,NA,NA,NA,NA,NA,NA,NA,NA,NA,NA,NA,NA,NA,NA,NA,NA,NA,NA,NA,NA,0.813496746,0.653325863,0.752951602,0.723170156,NA,NA,NA,NA,NA,NA,NA,NA,NA,NA,NA,NA,NA,NA,NA,NA,NA,NA,NA,NA,NA,NA,NA,NA,NA,NA,NA
E00103166,E07000048,Christchurch,E12000009,South West,346,5,5a,5a3,0.593836362,0.638836612,0.672300826,1.094197502,1.380231843,1.492933303,1.072902885,0.593836362,1.124866493,0.93439961,0.771863342,NA,NA,NA,NA,NA,NA,NA,NA,NA,NA,NA,NA,NA,NA,0.638836612,0.642635046,NA,NA,NA,NA,NA,NA,NA,NA,NA,NA,NA,NA,NA,NA,NA,NA,NA,NA,NA,NA,NA,NA,NA,NA,NA,NA,NA,NA,NA,NA,NA,NA,NA,NA,NA,NA,NA,NA,NA,NA,NA,NA,NA,NA,NA,NA,NA,NA,NA,0.716058012,0.716834812,0.672300826,NA,NA,NA,NA,NA,NA,NA,NA,NA,NA,NA,NA,NA,NA,NA,NA,NA,NA,NA,NA,NA,NA,NA,NA,NA,NA,NA,NA,NA,NA,NA,NA,NA,NA
E00103167,E07000048,Christchurch,E12000009,South West,262,5,5b,5b3,0.804517408,0.712743996,0.759638352,1.207027651,1.385650634,1.670516323,1.376390893,0.804517408,1.16350367,1.086153451,1.14209857,NA,NA,NA,NA,NA,NA,NA,NA,NA,NA,NA,NA,NA,NA,0.932068106,0.712743996,NA,NA,NA,NA,NA,NA,NA,NA,NA,NA,NA,NA,NA,NA,NA,NA,NA,NA,NA,NA,NA,NA,NA,NA,NA,NA,NA,NA,NA,NA,NA,NA,NA,NA,NA,NA,NA,NA,NA,NA,NA,NA,NA,NA,NA,NA,NA,NA,NA,NA,NA,NA,0.770900304,0.86222656,0.759638352,NA,NA,NA,NA,NA,NA,NA,NA,NA,NA,NA,NA,NA,NA,NA,NA,NA,NA,NA,NA,NA,NA,NA,NA,NA,NA,NA,NA,NA,NA,NA
E00103168,E07000048,Christchurch,E12000009,South West,341,5,5b,5b3,0.646588283,0.66157006,0.626227998,0.987658057,1.464734627,1.594660996,1.202470028,0.646588283,0.997210232,1.02370307,0.864933525,NA,NA,NA,NA,NA,NA,NA,NA,NA,NA,NA,NA,NA,NA,0.712346967,0.66157006,NA,NA,NA,NA,NA,NA,NA,NA,NA,NA,NA,NA,NA,NA,NA,NA,NA,NA,NA,NA,NA,NA,NA,NA,NA,NA,NA,NA,NA,NA,NA,NA,NA,NA,NA,NA,NA,NA,NA,NA,NA,NA,NA,NA,NA,NA,NA,NA,NA,NA,NA,NA,0.754563893,0.924033621,0.626227998,NA,NA,NA,NA,NA,NA,NA,NA,NA,NA,NA,NA,NA,NA,NA,NA,NA,NA,NA,NA,NA,NA,NA,NA,NA,NA,NA,NA,NA,NA,NA
E00103169,E07000048,Christchurch,E12000009,South West,327,5,5a,5a1,0.580584252,0.623220493,0.592274517,0.911653024,1.589392587,1.750109882,1.209354421,0.580584252,0.871053663,1.110967914,0.734077046,NA,NA,NA,NA,NA,NA,NA,NA,NA,NA,NA,NA,NA,NA,0.623220493,0.634349036,NA,NA,NA,NA,NA,NA,NA,NA,NA,NA,NA,NA,NA,NA,NA,NA,NA,NA,NA,NA,NA,NA,NA,NA,NA,NA,NA,NA,NA,NA,NA,NA,NA,NA,NA,NA,NA,NA,NA,NA,NA,NA,NA,NA,NA,NA,NA,NA,NA,0.592274517,0.694564961,0.783745498,NA,NA,NA,NA,NA,NA,NA,NA,NA,NA,NA,NA,NA,NA,NA,NA,NA,NA,NA,NA,NA,NA,NA,NA,NA,NA,NA,NA,NA,NA,NA,NA,NA,NA
E00103170,E07000048,Christchurch,E12000009,South West,330,6,6a,6a4,0.716644246,0.678298417,0.619423993,0.908480011,1.765918579,1.979948974,1.589474258,0.940549336,0.716644246,1.365308406,1.17363138,NA,NA,NA,NA,NA,NA,NA,NA,NA,NA,NA,NA,NA,NA,NA,NA,0.678298417,0.804252849,NA,NA,NA,NA,NA,NA,NA,NA,NA,NA,NA,NA,NA,NA,NA,NA,NA,NA,NA,NA,NA,NA,NA,NA,NA,NA,NA,NA,NA,NA,NA,NA,NA,NA,NA,NA,NA,NA,NA,NA,NA,NA,NA,NA,NA,NA,NA,NA,NA,NA,NA,NA,NA,0.910472056,0.771495535,0.760619583,0.619423993,NA,NA,NA,NA,NA,NA,NA,NA,NA,NA,NA,NA,NA,NA,NA,NA,NA,NA,NA,NA,NA,NA,NA,NA,NA,NA,NA
E00103171,E07000048,Christchurch,E12000009,South West,315,5,5b,5b1,0.799306051,0.796219583,0.753784331,1.24892655,1.35240326,1.525273942,1.166453801,0.799306051,1.169563098,1.233961657,1.175144665,NA,NA,NA,NA,NA,NA,NA,NA,NA,NA,NA,NA,NA,NA,0.865247155,0.796219583,NA,NA,NA,NA,NA,NA,NA,NA,NA,NA,NA,NA,NA,NA,NA,NA,NA,NA,NA,NA,NA,NA,NA,NA,NA,NA,NA,NA,NA,NA,NA,NA,NA,NA,NA,NA,NA,NA,NA,NA,NA,NA,NA,NA,NA,NA,NA,NA,NA,NA,NA,NA,0.753784331,0.994368339,0.856635708,NA,NA,NA,NA,NA,NA,NA,NA,NA,NA,NA,NA,NA,NA,NA,NA,NA,NA,NA,NA,NA,NA,NA,NA,NA,NA,NA,NA,NA,NA,NA
E00103172,E07000048,Christchurch,E12000009,South West,359,5,5b,5b2,0.856098581,0.748871032,0.605516167,1.198740421,1.462137845,1.61283881,1.292046742,0.856098581,1.2847272,1.043602581,1.037679614,NA,NA,NA,NA,NA,NA,NA,NA,NA,NA,NA,NA,NA,NA,0.9908267,0.748871032,NA,NA,NA,NA,NA,NA,NA,NA,NA,NA,NA,NA,NA,NA,NA,NA,NA,NA,NA,NA,NA,NA,NA,NA,NA,NA,NA,NA,NA,NA,NA,NA,NA,NA,NA,NA,NA,NA,NA,NA,NA,NA,NA,NA,NA,NA,NA,NA,NA,NA,NA,NA,0.962066552,0.605516167,0.822281718,NA,NA,NA,NA,NA,NA,NA,NA,NA,NA,NA,NA,NA,NA,NA,NA,NA,NA,NA,NA,NA,NA,NA,NA,NA,NA,NA,NA,NA,NA,NA
E00103173,E07000048,Christchurch,E12000009,South West,258,5,5a,5a1,0.601831638,0.620377474,0.550759992,0.922935782,1.570536353,1.769004587,1.277315642,0.601831638,0.943092648,1.001053425,0.703682621,NA,NA,NA,NA,NA,NA,NA,NA,NA,NA,NA,NA,NA,NA,0.620377474,0.679685141,NA,NA,NA,NA,NA,NA,NA,NA,NA,NA,NA,NA,NA,NA,NA,NA,NA,NA,NA,NA,NA,NA,NA,NA,NA,NA,NA,NA,NA,NA,NA,NA,NA,NA,NA,NA,NA,NA,NA,NA,NA,NA,NA,NA,NA,NA,NA,NA,NA,0.550759992,0.787650641,0.727154289,NA,NA,NA,NA,NA,NA,NA,NA,NA,NA,NA,NA,NA,NA,NA,NA,NA,NA,NA,NA,NA,NA,NA,NA,NA,NA,NA,NA,NA,NA,NA,NA,NA,NA
E00103174,E07000048,Christchurch,E12000009,South West,245,5,5a,5a3,0.773404633,0.809311832,0.78091885,1.08466948,1.477260607,1.701312849,1.304977737,0.773404633,1.210688599,1.046455658,0.945823325,NA,NA,NA,NA,NA,NA,NA,NA,NA,NA,NA,NA,NA,NA,0.809311832,0.810467581,NA,NA,NA,NA,NA,NA,NA,NA,NA,NA,NA,NA,NA,NA,NA,NA,NA,NA,NA,NA,NA,NA,NA,NA,NA,NA,NA,NA,NA,NA,NA,NA,NA,NA,NA,NA,NA,NA,NA,NA,NA,NA,NA,NA,NA,NA,NA,NA,NA,0.826125768,0.975472973,0.78091885,NA,NA,NA,NA,NA,NA,NA,NA,NA,NA,NA,NA,NA,NA,NA,NA,NA,NA,NA,NA,NA,NA,NA,NA,NA,NA,NA,NA,NA,NA,NA,NA,NA,NA
E00103175,E07000048,Christchurch,E12000009,South West,309,5,5b,5b3,0.632357737,0.58946526,0.521267307,0.773571366,1.60821389,1.807597759,1.323132284,0.632357737,0.815215834,1.067690214,0.768379495,NA,NA,NA,NA,NA,NA,NA,NA,NA,NA,NA,NA,NA,NA,0.741039357,0.58946526,NA,NA,NA,NA,NA,NA,NA,NA,NA,NA,NA,NA,NA,NA,NA,NA,NA,NA,NA,NA,NA,NA,NA,NA,NA,NA,NA,NA,NA,NA,NA,NA,NA,NA,NA,NA,NA,NA,NA,NA,NA,NA,NA,NA,NA,NA,NA,NA,NA,NA,NA,NA,0.790453786,0.806701013,0.521267307,NA,NA,NA,NA,NA,NA,NA,NA,NA,NA,NA,NA,NA,NA,NA,NA,NA,NA,NA,NA,NA,NA,NA,NA,NA,NA,NA,NA,NA,NA,NA
E00103176,E07000048,Christchurch,E12000009,South West,257,5,5a,5a1,0.861461545,0.878765066,0.85689158,1.14414966,1.619663583,1.838028666,1.446714616,0.861461545,1.150952722,1.253697949,1.075013181,NA,NA,NA,NA,NA,NA,NA,NA,NA,NA,NA,NA,NA,NA,0.878765066,0.912653798,NA,NA,NA,NA,NA,NA,NA,NA,NA,NA,NA,NA,NA,NA,NA,NA,NA,NA,NA,NA,NA,NA,NA,NA,NA,NA,NA,NA,NA,NA,NA,NA,NA,NA,NA,NA,NA,NA,NA,NA,NA,NA,NA,NA,NA,NA,NA,NA,NA,0.85689158,0.995770069,0.937662534,NA,NA,NA,NA,NA,NA,NA,NA,NA,NA,NA,NA,NA,NA,NA,NA,NA,NA,NA,NA,NA,NA,NA,NA,NA,NA,NA,NA,NA,NA,NA,NA,NA,NA
E00103177,E07000048,Christchurch,E12000009,South West,165,7,7a,7a2,0.929177128,0.882078963,0.839832876,1.342508373,1.44643694,1.535935114,1.316523237,0.993299123,1.502256381,0.929177128,1.023505039,NA,NA,NA,NA,NA,NA,NA,NA,NA,NA,NA,NA,NA,NA,NA,NA,NA,NA,0.882078963,1.293646456,0.95940325,1.099929763,NA,NA,NA,NA,NA,NA,NA,NA,NA,NA,NA,NA,NA,NA,NA,NA,NA,NA,NA,NA,NA,NA,NA,NA,NA,NA,NA,NA,NA,NA,NA,NA,NA,NA,NA,NA,NA,NA,NA,NA,NA,NA,NA,NA,NA,NA,NA,NA,NA,NA,NA,NA,NA,NA,NA,NA,NA,1.06316826,0.839832876,0.930901509,NA,NA,NA,NA,NA,NA,NA,NA,NA,NA,NA,NA,NA,NA,NA,NA,NA,NA,NA,NA
E00103178,E07000048,Christchurch,E12000009,South West,258,6,6a,6a3,0.84912005,0.798136751,0.72621944,0.977140889,2.067782953,2.312932981,1.875116487,1.276860455,0.84912005,1.729834894,1.412705006,NA,NA,NA,NA,NA,NA,NA,NA,NA,NA,NA,NA,NA,NA,NA,NA,0.798136751,0.936253282,NA,NA,NA,NA,NA,NA,NA,NA,NA,NA,NA,NA,NA,NA,NA,NA,NA,NA,NA,NA,NA,NA,NA,NA,NA,NA,NA,NA,NA,NA,NA,NA,NA,NA,NA,NA,NA,NA,NA,NA,NA,NA,NA,NA,NA,NA,NA,NA,NA,NA,NA,NA,NA,1.046909835,0.89758087,0.72621944,0.89655542,NA,NA,NA,NA,NA,NA,NA,NA,NA,NA,NA,NA,NA,NA,NA,NA,NA,NA,NA,NA,NA,NA,NA,NA,NA,NA,NA
E00103179,E07000048,Christchurch,E12000009,South West,287,5,5b,5b2,0.873152745,0.783120548,0.748172522,1.036103233,1.728203414,2.002368344,1.576565081,0.873152745,1.070654576,1.314211381,1.120372193,NA,NA,NA,NA,NA,NA,NA,NA,NA,NA,NA,NA,NA,NA,0.996048337,0.783120548,NA,NA,NA,NA,NA,NA,NA,NA,NA,NA,NA,NA,NA,NA,NA,NA,NA,NA,NA,NA,NA,NA,NA,NA,NA,NA,NA,NA,NA,NA,NA,NA,NA,NA,NA,NA,NA,NA,NA,NA,NA,NA,NA,NA,NA,NA,NA,NA,NA,NA,NA,NA,0.991753559,0.748172522,0.810493874,NA,NA,NA,NA,NA,NA,NA,NA,NA,NA,NA,NA,NA,NA,NA,NA,NA,NA,NA,NA,NA,NA,NA,NA,NA,NA,NA,NA,NA,NA,NA
E00103180,E07000048,Christchurch,E12000009,South West,292,1,1b,1b1,0.70654295,0.702626877,0.706252233,0.70654295,1.959995313,2.194571154,1.688406552,0.979010645,0.727823891,1.447022268,1.05298783,0.813206019,0.702626877,0.860591724,NA,NA,NA,NA,NA,NA,NA,NA,NA,NA,NA,NA,NA,NA,NA,NA,NA,NA,NA,NA,NA,NA,NA,NA,NA,NA,NA,0.706252233,0.764281681,0.756334679,NA,NA,NA,NA,NA,NA,NA,NA,NA,NA,NA,NA,NA,NA,NA,NA,NA,NA,NA,NA,NA,NA,NA,NA,NA,NA,NA,NA,NA,NA,NA,NA,NA,NA,NA,NA,NA,NA,NA,NA,NA,NA,NA,NA,NA,NA,NA,NA,NA,NA,NA,NA,NA,NA,NA,NA,NA,NA,NA,NA,NA,NA,NA,NA,NA,NA,NA,NA,NA
E00103181,E07000048,Christchurch,E12000009,South West,305,6,6a,6a3,0.937330096,0.820532066,0.805949377,1.013105279,1.907156172,2.225873209,1.888051125,1.259835475,0.937330096,1.646459551,1.461918392,NA,NA,NA,NA,NA,NA,NA,NA,NA,NA,NA,NA,NA,NA,NA,NA,0.820532066,1.059704365,NA,NA,NA,NA,NA,NA,NA,NA,NA,NA,NA,NA,NA,NA,NA,NA,NA,NA,NA,NA,NA,NA,NA,NA,NA,NA,NA,NA,NA,NA,NA,NA,NA,NA,NA,NA,NA,NA,NA,NA,NA,NA,NA,NA,NA,NA,NA,NA,NA,NA,NA,NA,NA,1.082637996,0.921666994,0.805949377,0.823829591,NA,NA,NA,NA,NA,NA,NA,NA,NA,NA,NA,NA,NA,NA,NA,NA,NA,NA,NA,NA,NA,NA,NA,NA,NA,NA,NA
E00103182,E07000048,Christchurch,E12000009,South West,369,8,8c,8c3,0.614156826,0.600407755,0.628579341,1.177433864,1.607466772,1.600516896,1.22437299,0.91317202,1.288565492,0.845849055,0.614156826,NA,NA,NA,NA,NA,NA,NA,NA,NA,NA,NA,NA,NA,NA,NA,NA,NA,NA,NA,NA,NA,NA,0.759483742,0.794800402,0.600407755,0.609791787,NA,NA,NA,NA,NA,NA,NA,NA,NA,NA,NA,NA,NA,NA,NA,NA,NA,NA,NA,NA,NA,NA,NA,NA,NA,NA,NA,NA,NA,NA,NA,NA,NA,NA,NA,NA,NA,NA,NA,NA,NA,NA,NA,NA,NA,NA,NA,NA,NA,NA,NA,NA,NA,NA,NA,NA,NA,NA,NA,NA,NA,NA,NA,NA,NA,NA,NA,NA,NA,NA,0.646103046,0.643543189,0.628579341,NA,NA,NA
E00103183,E07000048,Christchurch,E12000009,South West,261,5,5a,5a1,0.714635067,0.717593288,0.630207859,0.876564565,1.705626158,1.887494122,1.373709304,0.714635067,0.840950544,1.241718923,0.798980245,NA,NA,NA,NA,NA,NA,NA,NA,NA,NA,NA,NA,NA,NA,0.717593288,0.795379201,NA,NA,NA,NA,NA,NA,NA,NA,NA,NA,NA,NA,NA,NA,NA,NA,NA,NA,NA,NA,NA,NA,NA,NA,NA,NA,NA,NA,NA,NA,NA,NA,NA,NA,NA,NA,NA,NA,NA,NA,NA,NA,NA,NA,NA,NA,NA,NA,NA,0.630207859,0.799530034,0.899013734,NA,NA,NA,NA,NA,NA,NA,NA,NA,NA,NA,NA,NA,NA,NA,NA,NA,NA,NA,NA,NA,NA,NA,NA,NA,NA,NA,NA,NA,NA,NA,NA,NA,NA
E00103184,E07000048,Christchurch,E12000009,South West,314,8,8c,8c3,0.656426931,0.614404808,0.620230012,1.202743145,1.712271633,1.742358791,1.340612918,0.93273827,1.255942678,0.885048274,0.656426931,NA,NA,NA,NA,NA,NA,NA,NA,NA,NA,NA,NA,NA,NA,NA,NA,NA,NA,NA,NA,NA,NA,0.786956227,0.806073005,0.614404808,0.716967814,NA,NA,NA,NA,NA,NA,NA,NA,NA,NA,NA,NA,NA,NA,NA,NA,NA,NA,NA,NA,NA,NA,NA,NA,NA,NA,NA,NA,NA,NA,NA,NA,NA,NA,NA,NA,NA,NA,NA,NA,NA,NA,NA,NA,NA,NA,NA,NA,NA,NA,NA,NA,NA,NA,NA,NA,NA,NA,NA,NA,NA,NA,NA,NA,NA,NA,NA,NA,NA,NA,0.643418263,0.707845979,0.620230012,NA,NA,NA
E00103185,E07000048,Christchurch,E12000009,South West,295,5,5a,5a1,0.638795314,0.64258655,0.634841706,1.058493421,1.502841285,1.688550571,1.212689264,0.638795314,1.035669813,1.003824004,0.697923131,NA,NA,NA,NA,NA,NA,NA,NA,NA,NA,NA,NA,NA,NA,0.64258655,0.72748715,NA,NA,NA,NA,NA,NA,NA,NA,NA,NA,NA,NA,NA,NA,NA,NA,NA,NA,NA,NA,NA,NA,NA,NA,NA,NA,NA,NA,NA,NA,NA,NA,NA,NA,NA,NA,NA,NA,NA,NA,NA,NA,NA,NA,NA,NA,NA,NA,NA,0.634841706,0.761368017,0.732276968,NA,NA,NA,NA,NA,NA,NA,NA,NA,NA,NA,NA,NA,NA,NA,NA,NA,NA,NA,NA,NA,NA,NA,NA,NA,NA,NA,NA,NA,NA,NA,NA,NA,NA
E00103186,E07000048,Christchurch,E12000009,South West,311,8,8c,8c1,0.743802355,0.643727391,0.648366431,1.169723979,1.382521779,1.469262291,1.065856017,0.748803815,1.282710264,0.771316545,0.743802355,NA,NA,NA,NA,NA,NA,NA,NA,NA,NA,NA,NA,NA,NA,NA,NA,NA,NA,NA,NA,NA,NA,0.928152127,0.889885394,0.643727391,0.769458026,NA,NA,NA,NA,NA,NA,NA,NA,NA,NA,NA,NA,NA,NA,NA,NA,NA,NA,NA,NA,NA,NA,NA,NA,NA,NA,NA,NA,NA,NA,NA,NA,NA,NA,NA,NA,NA,NA,NA,NA,NA,NA,NA,NA,NA,NA,NA,NA,NA,NA,NA,NA,NA,NA,NA,NA,NA,NA,NA,NA,NA,NA,NA,NA,NA,NA,NA,NA,NA,NA,0.648366431,0.688773834,0.716566744,NA,NA,NA
E00103187,E07000048,Christchurch,E12000009,South West,326,7,7a,7a2,0.71036074,0.683525282,0.676132056,1.321329183,1.443689059,1.491976258,1.265029173,0.93314622,1.448042713,0.71036074,0.860367343,NA,NA,NA,NA,NA,NA,NA,NA,NA,NA,NA,NA,NA,NA,NA,NA,NA,NA,0.683525282,1.124117481,0.739632397,0.91197318,NA,NA,NA,NA,NA,NA,NA,NA,NA,NA,NA,NA,NA,NA,NA,NA,NA,NA,NA,NA,NA,NA,NA,NA,NA,NA,NA,NA,NA,NA,NA,NA,NA,NA,NA,NA,NA,NA,NA,NA,NA,NA,NA,NA,NA,NA,NA,NA,NA,NA,NA,NA,NA,NA,NA,NA,NA,0.848821013,0.676132056,0.747687819,NA,NA,NA,NA,NA,NA,NA,NA,NA,NA,NA,NA,NA,NA,NA,NA,NA,NA,NA,NA
E00103188,E07000048,Christchurch,E12000009,South West,265,1,1b,1b3,1.024659751,0.976443362,0.922871554,1.024659751,1.839779357,1.998195366,1.679231826,1.073217026,1.077315634,1.3027233,1.174401098,1.168930503,0.976443362,1.094268134,NA,NA,NA,NA,NA,NA,NA,NA,NA,NA,NA,NA,NA,NA,NA,NA,NA,NA,NA,NA,NA,NA,NA,NA,NA,NA,NA,1.067645739,0.989930748,0.922871554,NA,NA,NA,NA,NA,NA,NA,NA,NA,NA,NA,NA,NA,NA,NA,NA,NA,NA,NA,NA,NA,NA,NA,NA,NA,NA,NA,NA,NA,NA,NA,NA,NA,NA,NA,NA,NA,NA,NA,NA,NA,NA,NA,NA,NA,NA,NA,NA,NA,NA,NA,NA,NA,NA,NA,NA,NA,NA,NA,NA,NA,NA,NA,NA,NA,NA,NA,NA,NA
E00103189,E07000048,Christchurch,E12000009,South West,278,6,6a,6a4,0.956089676,0.886244913,0.791215781,1.056074954,1.697088577,2.000909788,1.622557804,0.97841115,0.956089676,1.426884442,1.323608073,NA,NA,NA,NA,NA,NA,NA,NA,NA,NA,NA,NA,NA,NA,NA,NA,0.886244913,1.04994824,NA,NA,NA,NA,NA,NA,NA,NA,NA,NA,NA,NA,NA,NA,NA,NA,NA,NA,NA,NA,NA,NA,NA,NA,NA,NA,NA,NA,NA,NA,NA,NA,NA,NA,NA,NA,NA,NA,NA,NA,NA,NA,NA,NA,NA,NA,NA,NA,NA,NA,NA,NA,NA,1.028200333,0.927866651,1.02102187,0.791215781,NA,NA,NA,NA,NA,NA,NA,NA,NA,NA,NA,NA,NA,NA,NA,NA,NA,NA,NA,NA,NA,NA,NA,NA,NA,NA,NA
E00103190,E07000048,Christchurch,E12000009,South West,267,6,6a,6a4,0.831219262,0.766250803,0.652523731,0.961031465,1.792382569,2.062679494,1.695512803,0.969366017,0.831219262,1.413722788,1.26222255,NA,NA,NA,NA,NA,NA,NA,NA,NA,NA,NA,NA,NA,NA,NA,NA,0.766250803,0.92789392,NA,NA,NA,NA,NA,NA,NA,NA,NA,NA,NA,NA,NA,NA,NA,NA,NA,NA,NA,NA,NA,NA,NA,NA,NA,NA,NA,NA,NA,NA,NA,NA,NA,NA,NA,NA,NA,NA,NA,NA,NA,NA,NA,NA,NA,NA,NA,NA,NA,NA,NA,NA,NA,1.03899643,0.846976059,0.841119163,0.652523731,NA,NA,NA,NA,NA,NA,NA,NA,NA,NA,NA,NA,NA,NA,NA,NA,NA,NA,NA,NA,NA,NA,NA,NA,NA,NA,NA
E00103191,E07000048,Christchurch,E12000009,South West,299,6,6a,6a4,0.898114019,0.792574529,0.762617061,0.98898921,1.854724091,2.149200088,1.793121396,1.137145916,0.898114019,1.571256444,1.415281174,NA,NA,NA,NA,NA,NA,NA,NA,NA,NA,NA,NA,NA,NA,NA,NA,0.792574529,1.015537702,NA,NA,NA,NA,NA,NA,NA,NA,NA,NA,NA,NA,NA,NA,NA,NA,NA,NA,NA,NA,NA,NA,NA,NA,NA,NA,NA,NA,NA,NA,NA,NA,NA,NA,NA,NA,NA,NA,NA,NA,NA,NA,NA,NA,NA,NA,NA,NA,NA,NA,NA,NA,NA,1.053943042,0.842706802,0.83940389,0.762617061,NA,NA,NA,NA,NA,NA,NA,NA,NA,NA,NA,NA,NA,NA,NA,NA,NA,NA,NA,NA,NA,NA,NA,NA,NA,NA,NA
E00103192,E07000048,Christchurch,E12000009,South West,305,6,6a,6a2,0.762673428,0.746269205,0.711469892,0.903865328,2.027685872,2.280777609,1.777845403,1.150305309,0.762673428,1.671551011,1.264662193,NA,NA,NA,NA,NA,NA,NA,NA,NA,NA,NA,NA,NA,NA,NA,NA,0.746269205,0.832993153,NA,NA,NA,NA,NA,NA,NA,NA,NA,NA,NA,NA,NA,NA,NA,NA,NA,NA,NA,NA,NA,NA,NA,NA,NA,NA,NA,NA,NA,NA,NA,NA,NA,NA,NA,NA,NA,NA,NA,NA,NA,NA,NA,NA,NA,NA,NA,NA,NA,NA,NA,NA,NA,0.999460532,0.711469892,0.746464969,0.877381267,NA,NA,NA,NA,NA,NA,NA,NA,NA,NA,NA,NA,NA,NA,NA,NA,NA,NA,NA,NA,NA,NA,NA,NA,NA,NA,NA
E00103193,E07000048,Christchurch,E12000009,South West,246,6,6a,6a3,1.208550272,1.076215637,1.056948186,1.24584176,2.069369722,2.347043628,2.066498969,1.494684026,1.208550272,1.866761701,1.726196166,NA,NA,NA,NA,NA,NA,NA,NA,NA,NA,NA,NA,NA,NA,NA,NA,1.076215637,1.332672456,NA,NA,NA,NA,NA,NA,NA,NA,NA,NA,NA,NA,NA,NA,NA,NA,NA,NA,NA,NA,NA,NA,NA,NA,NA,NA,NA,NA,NA,NA,NA,NA,NA,NA,NA,NA,NA,NA,NA,NA,NA,NA,NA,NA,NA,NA,NA,NA,NA,NA,NA,NA,NA,1.308908978,1.121508193,1.056948186,1.103867681,NA,NA,NA,NA,NA,NA,NA,NA,NA,NA,NA,NA,NA,NA,NA,NA,NA,NA,NA,NA,NA,NA,NA,NA,NA,NA,NA
E00103194,E07000048,Christchurch,E12000009,South West,274,6,6a,6a3,0.877947596,0.763076176,0.733551082,1.110869758,2.091005874,2.349791615,1.951006522,1.318225548,0.877947596,1.826722934,1.551938213,NA,NA,NA,NA,NA,NA,NA,NA,NA,NA,NA,NA,NA,NA,NA,NA,0.763076176,1.001435659,NA,NA,NA,NA,NA,NA,NA,NA,NA,NA,NA,NA,NA,NA,NA,NA,NA,NA,NA,NA,NA,NA,NA,NA,NA,NA,NA,NA,NA,NA,NA,NA,NA,NA,NA,NA,NA,NA,NA,NA,NA,NA,NA,NA,NA,NA,NA,NA,NA,NA,NA,NA,NA,1.003685858,0.862415511,0.733551082,0.826275014,NA,NA,NA,NA,NA,NA,NA,NA,NA,NA,NA,NA,NA,NA,NA,NA,NA,NA,NA,NA,NA,NA,NA,NA,NA,NA,NA
E00103195,E07000048,Christchurch,E12000009,South West,310,6,6a,6a4,0.932999323,0.869063873,0.779463445,1.011638178,1.70436364,1.955967866,1.602853301,0.973809349,0.932999323,1.369051226,1.26639482,NA,NA,NA,NA,NA,NA,NA,NA,NA,NA,NA,NA,NA,NA,NA,NA,0.869063873,1.024166512,NA,NA,NA,NA,NA,NA,NA,NA,NA,NA,NA,NA,NA,NA,NA,NA,NA,NA,NA,NA,NA,NA,NA,NA,NA,NA,NA,NA,NA,NA,NA,NA,NA,NA,NA,NA,NA,NA,NA,NA,NA,NA,NA,NA,NA,NA,NA,NA,NA,NA,NA,NA,NA,1.069991246,0.924991472,0.966089893,0.779463445,NA,NA,NA,NA,NA,NA,NA,NA,NA,NA,NA,NA,NA,NA,NA,NA,NA,NA,NA,NA,NA,NA,NA,NA,NA,NA,NA
E00103196,E07000048,Christchurch,E12000009,South West,293,6,6a,6a4,1.038820575,0.923117116,0.828777873,1.138978468,1.830380462,2.114622818,1.845644729,1.190458717,1.038820575,1.565427256,1.50194196,NA,NA,NA,NA,NA,NA,NA,NA,NA,NA,NA,NA,NA,NA,NA,NA,0.923117116,1.157329014,NA,NA,NA,NA,NA,NA,NA,NA,NA,NA,NA,NA,NA,NA,NA,NA,NA,NA,NA,NA,NA,NA,NA,NA,NA,NA,NA,NA,NA,NA,NA,NA,NA,NA,NA,NA,NA,NA,NA,NA,NA,NA,NA,NA,NA,NA,NA,NA,NA,NA,NA,NA,NA,1.16357551,0.976946209,0.993801548,0.828777873,NA,NA,NA,NA,NA,NA,NA,NA,NA,NA,NA,NA,NA,NA,NA,NA,NA,NA,NA,NA,NA,NA,NA,NA,NA,NA,NA
E00103197,E07000048,Christchurch,E12000009,South West,355,6,6a,6a2,0.787805617,0.693994951,0.674141952,0.997553475,1.955981709,2.194355198,1.77510802,1.212558785,0.787805617,1.739464899,1.408424757,NA,NA,NA,NA,NA,NA,NA,NA,NA,NA,NA,NA,NA,NA,NA,NA,0.693994951,0.903595294,NA,NA,NA,NA,NA,NA,NA,NA,NA,NA,NA,NA,NA,NA,NA,NA,NA,NA,NA,NA,NA,NA,NA,NA,NA,NA,NA,NA,NA,NA,NA,NA,NA,NA,NA,NA,NA,NA,NA,NA,NA,NA,NA,NA,NA,NA,NA,NA,NA,NA,NA,NA,NA,0.895500668,0.674141952,0.722311661,0.836659622,NA,NA,NA,NA,NA,NA,NA,NA,NA,NA,NA,NA,NA,NA,NA,NA,NA,NA,NA,NA,NA,NA,NA,NA,NA,NA,NA
E00103198,E07000048,Christchurch,E12000009,South West,327,6,6a,6a3,0.828520195,0.688731984,0.685134508,1.05131678,1.997125693,2.297939162,1.902732377,1.286907562,0.828520195,1.784860016,1.50445354,NA,NA,NA,NA,NA,NA,NA,NA,NA,NA,NA,NA,NA,NA,NA,NA,0.688731984,0.967364437,NA,NA,NA,NA,NA,NA,NA,NA,NA,NA,NA,NA,NA,NA,NA,NA,NA,NA,NA,NA,NA,NA,NA,NA,NA,NA,NA,NA,NA,NA,NA,NA,NA,NA,NA,NA,NA,NA,NA,NA,NA,NA,NA,NA,NA,NA,NA,NA,NA,NA,NA,NA,NA,0.947030278,0.723980003,0.685134508,0.786551345,NA,NA,NA,NA,NA,NA,NA,NA,NA,NA,NA,NA,NA,NA,NA,NA,NA,NA,NA,NA,NA,NA,NA,NA,NA,NA,NA
E00103199,E07000048,Christchurch,E12000009,South West,501,1,1c,1c1,0.734542497,0.691170104,0.661865083,0.734542497,1.768682159,1.955465299,1.491381454,0.885399746,1.102414718,1.247080756,0.973478311,0.934111992,0.695417562,0.691170104,NA,NA,NA,NA,NA,NA,NA,NA,NA,NA,NA,NA,NA,NA,NA,NA,NA,NA,NA,NA,NA,NA,NA,NA,NA,NA,NA,NA,NA,NA,0.661865083,0.681803659,0.863768356,NA,NA,NA,NA,NA,NA,NA,NA,NA,NA,NA,NA,NA,NA,NA,NA,NA,NA,NA,NA,NA,NA,NA,NA,NA,NA,NA,NA,NA,NA,NA,NA,NA,NA,NA,NA,NA,NA,NA,NA,NA,NA,NA,NA,NA,NA,NA,NA,NA,NA,NA,NA,NA,NA,NA,NA,NA,NA,NA,NA,NA,NA,NA,NA,NA,NA
E00103200,E07000048,Christchurch,E12000009,South West,400,5,5b,5b3,0.784310722,0.733512421,0.746757903,0.888813063,1.679890553,2.013907502,1.557723553,0.784310722,0.851332709,1.420082691,1.175298363,NA,NA,NA,NA,NA,NA,NA,NA,NA,NA,NA,NA,NA,NA,0.885974447,0.733512421,NA,NA,NA,NA,NA,NA,NA,NA,NA,NA,NA,NA,NA,NA,NA,NA,NA,NA,NA,NA,NA,NA,NA,NA,NA,NA,NA,NA,NA,NA,NA,NA,NA,NA,NA,NA,NA,NA,NA,NA,NA,NA,NA,NA,NA,NA,NA,NA,NA,NA,NA,NA,0.829747042,0.893276179,0.746757903,NA,NA,NA,NA,NA,NA,NA,NA,NA,NA,NA,NA,NA,NA,NA,NA,NA,NA,NA,NA,NA,NA,NA,NA,NA,NA,NA,NA,NA,NA,NA
E00103201,E07000048,Christchurch,E12000009,South West,249,7,7a,7a2,0.78031057,0.741986316,0.707032957,1.237049179,1.39944176,1.456655012,1.222389945,0.836939869,1.341220207,0.78031057,0.864733034,NA,NA,NA,NA,NA,NA,NA,NA,NA,NA,NA,NA,NA,NA,NA,NA,NA,NA,0.741986316,1.191349167,0.794707719,0.988029599,NA,NA,NA,NA,NA,NA,NA,NA,NA,NA,NA,NA,NA,NA,NA,NA,NA,NA,NA,NA,NA,NA,NA,NA,NA,NA,NA,NA,NA,NA,NA,NA,NA,NA,NA,NA,NA,NA,NA,NA,NA,NA,NA,NA,NA,NA,NA,NA,NA,NA,NA,NA,NA,NA,NA,NA,NA,0.965391031,0.707032957,0.778151435,NA,NA,NA,NA,NA,NA,NA,NA,NA,NA,NA,NA,NA,NA,NA,NA,NA,NA,NA,NA
E00103202,E07000048,Christchurch,E12000009,South West,230,7,7d,7d1,1.102036271,0.918343832,0.769902157,1.312780831,1.668792432,1.784500313,1.653926938,1.158879065,1.334326971,1.102036271,1.238364967,NA,NA,NA,NA,NA,NA,NA,NA,NA,NA,NA,NA,NA,NA,NA,NA,NA,NA,1.231224315,1.341126029,1.125048544,0.918343832,NA,NA,NA,NA,NA,NA,NA,NA,NA,NA,NA,NA,NA,NA,NA,NA,NA,NA,NA,NA,NA,NA,NA,NA,NA,NA,NA,NA,NA,NA,NA,NA,NA,NA,NA,NA,NA,NA,NA,NA,NA,NA,NA,NA,NA,NA,NA,NA,NA,NA,NA,NA,NA,NA,NA,NA,NA,NA,NA,NA,NA,NA,NA,NA,NA,NA,0.769902157,1.146889459,1.106865864,1.659738106,NA,NA,NA,NA,NA,NA,NA,NA,NA,NA
E00103203,E07000048,Christchurch,E12000009,South West,299,5,5b,5b3,0.746838638,0.758284466,0.730750364,0.939208743,1.532635507,1.859841875,1.415005514,0.746838638,1.048758886,1.209288098,1.031121623,NA,NA,NA,NA,NA,NA,NA,NA,NA,NA,NA,NA,NA,NA,0.805668855,0.758284466,NA,NA,NA,NA,NA,NA,NA,NA,NA,NA,NA,NA,NA,NA,NA,NA,NA,NA,NA,NA,NA,NA,NA,NA,NA,NA,NA,NA,NA,NA,NA,NA,NA,NA,NA,NA,NA,NA,NA,NA,NA,NA,NA,NA,NA,NA,NA,NA,NA,NA,NA,NA,0.88557859,0.942718781,0.730750364,NA,NA,NA,NA,NA,NA,NA,NA,NA,NA,NA,NA,NA,NA,NA,NA,NA,NA,NA,NA,NA,NA,NA,NA,NA,NA,NA,NA,NA,NA,NA
E00103204,E07000048,Christchurch,E12000009,South West,320,5,5a,5a1,0.581678257,0.595544432,0.486313474,0.882351232,1.580916318,1.824625908,1.294444039,0.581678257,0.798060735,1.176272074,0.840488743,NA,NA,NA,NA,NA,NA,NA,NA,NA,NA,NA,NA,NA,NA,0.595544432,0.667641582,NA,NA,NA,NA,NA,NA,NA,NA,NA,NA,NA,NA,NA,NA,NA,NA,NA,NA,NA,NA,NA,NA,NA,NA,NA,NA,NA,NA,NA,NA,NA,NA,NA,NA,NA,NA,NA,NA,NA,NA,NA,NA,NA,NA,NA,NA,NA,NA,NA,0.486313474,0.739293879,0.764268013,NA,NA,NA,NA,NA,NA,NA,NA,NA,NA,NA,NA,NA,NA,NA,NA,NA,NA,NA,NA,NA,NA,NA,NA,NA,NA,NA,NA,NA,NA,NA,NA,NA,NA
E00103205,E07000048,Christchurch,E12000009,South West,316,7,7c,7c3,0.841261553,0.800953185,0.764778848,1.198414476,1.488508765,1.564583756,1.280872849,0.845235921,1.252366209,0.841261553,0.850093651,NA,NA,NA,NA,NA,NA,NA,NA,NA,NA,NA,NA,NA,NA,NA,NA,NA,NA,0.865774087,1.244629824,0.800953185,1.00269874,NA,NA,NA,NA,NA,NA,NA,NA,NA,NA,NA,NA,NA,NA,NA,NA,NA,NA,NA,NA,NA,NA,NA,NA,NA,NA,NA,NA,NA,NA,NA,NA,NA,NA,NA,NA,NA,NA,NA,NA,NA,NA,NA,NA,NA,NA,NA,NA,NA,NA,NA,NA,NA,NA,NA,NA,NA,NA,NA,NA,NA,NA,NA,0.831559812,0.927050102,0.764778848,NA,NA,NA,NA,NA,NA,NA,NA,NA,NA,NA,NA,NA,NA
E00103206,E07000048,Christchurch,E12000009,South West,321,5,5b,5b2,0.81993266,0.748605173,0.659016796,1.282432063,1.298791954,1.487010176,1.23573409,0.81993266,1.320667801,1.063475849,1.127876139,NA,NA,NA,NA,NA,NA,NA,NA,NA,NA,NA,NA,NA,NA,0.933288751,0.748605173,NA,NA,NA,NA,NA,NA,NA,NA,NA,NA,NA,NA,NA,NA,NA,NA,NA,NA,NA,NA,NA,NA,NA,NA,NA,NA,NA,NA,NA,NA,NA,NA,NA,NA,NA,NA,NA,NA,NA,NA,NA,NA,NA,NA,NA,NA,NA,NA,NA,NA,NA,NA,0.892367514,0.659016796,0.847336352,NA,NA,NA,NA,NA,NA,NA,NA,NA,NA,NA,NA,NA,NA,NA,NA,NA,NA,NA,NA,NA,NA,NA,NA,NA,NA,NA,NA,NA,NA,NA
E00103207,E07000048,Christchurch,E12000009,South West,244,5,5a,5a3,0.708882337,0.699827684,0.618704275,1.252471235,1.249734864,1.47693955,1.133016197,0.708882337,1.274102537,1.036890942,0.986933007,NA,NA,NA,NA,NA,NA,NA,NA,NA,NA,NA,NA,NA,NA,0.699827684,0.803034765,NA,NA,NA,NA,NA,NA,NA,NA,NA,NA,NA,NA,NA,NA,NA,NA,NA,NA,NA,NA,NA,NA,NA,NA,NA,NA,NA,NA,NA,NA,NA,NA,NA,NA,NA,NA,NA,NA,NA,NA,NA,NA,NA,NA,NA,NA,NA,NA,NA,0.798076187,0.836832631,0.618704275,NA,NA,NA,NA,NA,NA,NA,NA,NA,NA,NA,NA,NA,NA,NA,NA,NA,NA,NA,NA,NA,NA,NA,NA,NA,NA,NA,NA,NA,NA,NA,NA,NA,NA
E00103208,E07000048,Christchurch,E12000009,South West,256,7,7a,7a2,0.941006188,0.90904068,0.797537293,1.563008963,1.085475967,1.307849536,1.261378777,1.070441311,1.60230344,0.941006188,1.295457163,NA,NA,NA,NA,NA,NA,NA,NA,NA,NA,NA,NA,NA,NA,NA,NA,NA,NA,0.90904068,1.102121081,1.125646515,0.965430406,NA,NA,NA,NA,NA,NA,NA,NA,NA,NA,NA,NA,NA,NA,NA,NA,NA,NA,NA,NA,NA,NA,NA,NA,NA,NA,NA,NA,NA,NA,NA,NA,NA,NA,NA,NA,NA,NA,NA,NA,NA,NA,NA,NA,NA,NA,NA,NA,NA,NA,NA,NA,NA,NA,NA,NA,NA,0.947570718,0.797537293,1.077638071,NA,NA,NA,NA,NA,NA,NA,NA,NA,NA,NA,NA,NA,NA,NA,NA,NA,NA,NA,NA
E00103209,E07000048,Christchurch,E12000009,South West,363,6,6a,6a3,0.577387954,0.583693491,0.60818193,0.903859439,1.927033687,2.143131232,1.674724289,1.072018813,0.577387954,1.573011241,1.207119061,NA,NA,NA,NA,NA,NA,NA,NA,NA,NA,NA,NA,NA,NA,NA,NA,0.583693491,0.649695293,NA,NA,NA,NA,NA,NA,NA,NA,NA,NA,NA,NA,NA,NA,NA,NA,NA,NA,NA,NA,NA,NA,NA,NA,NA,NA,NA,NA,NA,NA,NA,NA,NA,NA,NA,NA,NA,NA,NA,NA,NA,NA,NA,NA,NA,NA,NA,NA,NA,NA,NA,NA,NA,0.798019359,0.679730592,0.60818193,0.677661732,NA,NA,NA,NA,NA,NA,NA,NA,NA,NA,NA,NA,NA,NA,NA,NA,NA,NA,NA,NA,NA,NA,NA,NA,NA,NA,NA
E00103210,E07000048,Christchurch,E12000009,South West,220,7,7d,7d3,1.070763304,0.982250598,0.815486292,1.505430444,1.491565497,1.620242159,1.448458045,1.150948148,1.572674792,1.070763304,1.279014565,NA,NA,NA,NA,NA,NA,NA,NA,NA,NA,NA,NA,NA,NA,NA,NA,NA,NA,1.108349665,1.337845145,1.146973484,0.982250598,NA,NA,NA,NA,NA,NA,NA,NA,NA,NA,NA,NA,NA,NA,NA,NA,NA,NA,NA,NA,NA,NA,NA,NA,NA,NA,NA,NA,NA,NA,NA,NA,NA,NA,NA,NA,NA,NA,NA,NA,NA,NA,NA,NA,NA,NA,NA,NA,NA,NA,NA,NA,NA,NA,NA,NA,NA,NA,NA,NA,NA,NA,NA,NA,NA,NA,0.937604953,1.228876621,0.815486292,1.862926667,NA,NA,NA,NA,NA,NA,NA,NA,NA,NA
E00103211,E07000048,Christchurch,E12000009,South West,200,7,7d,7d1,1.041103394,0.855733598,0.75571362,1.399111469,1.67580383,1.736379548,1.639336113,1.238303135,1.419858008,1.041103394,1.267213506,NA,NA,NA,NA,NA,NA,NA,NA,NA,NA,NA,NA,NA,NA,NA,NA,NA,NA,1.205444397,1.20747181,1.079836877,0.855733598,NA,NA,NA,NA,NA,NA,NA,NA,NA,NA,NA,NA,NA,NA,NA,NA,NA,NA,NA,NA,NA,NA,NA,NA,NA,NA,NA,NA,NA,NA,NA,NA,NA,NA,NA,NA,NA,NA,NA,NA,NA,NA,NA,NA,NA,NA,NA,NA,NA,NA,NA,NA,NA,NA,NA,NA,NA,NA,NA,NA,NA,NA,NA,NA,NA,NA,0.75571362,1.033281674,1.089797137,1.558838171,NA,NA,NA,NA,NA,NA,NA,NA,NA,NA
E00103212,E07000048,Christchurch,E12000009,South West,207,5,5b,5b3,1.028560618,0.964667122,0.94997349,1.272664758,1.526621451,1.722871474,1.465527838,1.028560618,1.402270078,1.217060216,1.220385659,NA,NA,NA,NA,NA,NA,NA,NA,NA,NA,NA,NA,NA,NA,1.126742388,0.964667122,NA,NA,NA,NA,NA,NA,NA,NA,NA,NA,NA,NA,NA,NA,NA,NA,NA,NA,NA,NA,NA,NA,NA,NA,NA,NA,NA,NA,NA,NA,NA,NA,NA,NA,NA,NA,NA,NA,NA,NA,NA,NA,NA,NA,NA,NA,NA,NA,NA,NA,NA,NA,1.080197189,1.088789366,0.94997349,NA,NA,NA,NA,NA,NA,NA,NA,NA,NA,NA,NA,NA,NA,NA,NA,NA,NA,NA,NA,NA,NA,NA,NA,NA,NA,NA,NA,NA,NA,NA
E00103213,E07000048,Christchurch,E12000009,South West,228,5,5b,5b1,0.991366535,0.914754356,0.866816245,1.398398596,1.246622791,1.644749293,1.479775555,0.991366535,1.344619434,1.172317031,1.350159062,NA,NA,NA,NA,NA,NA,NA,NA,NA,NA,NA,NA,NA,NA,1.099980486,0.914754356,NA,NA,NA,NA,NA,NA,NA,NA,NA,NA,NA,NA,NA,NA,NA,NA,NA,NA,NA,NA,NA,NA,NA,NA,NA,NA,NA,NA,NA,NA,NA,NA,NA,NA,NA,NA,NA,NA,NA,NA,NA,NA,NA,NA,NA,NA,NA,NA,NA,NA,NA,NA,0.866816245,1.062877408,0.989060885,NA,NA,NA,NA,NA,NA,NA,NA,NA,NA,NA,NA,NA,NA,NA,NA,NA,NA,NA,NA,NA,NA,NA,NA,NA,NA,NA,NA,NA,NA,NA
E00103214,E07000048,Christchurch,E12000009,South West,381,5,5b,5b3,0.610825161,0.587415087,0.607208119,1.093805177,1.305687357,1.565892826,1.182500691,0.610825161,1.129505749,0.979334043,0.960762251,NA,NA,NA,NA,NA,NA,NA,NA,NA,NA,NA,NA,NA,NA,0.708596222,0.587415087,NA,NA,NA,NA,NA,NA,NA,NA,NA,NA,NA,NA,NA,NA,NA,NA,NA,NA,NA,NA,NA,NA,NA,NA,NA,NA,NA,NA,NA,NA,NA,NA,NA,NA,NA,NA,NA,NA,NA,NA,NA,NA,NA,NA,NA,NA,NA,NA,NA,NA,NA,NA,0.7096555,0.766105143,0.607208119,NA,NA,NA,NA,NA,NA,NA,NA,NA,NA,NA,NA,NA,NA,NA,NA,NA,NA,NA,NA,NA,NA,NA,NA,NA,NA,NA,NA,NA,NA,NA
E00103215,E07000048,Christchurch,E12000009,South West,306,6,6a,6a2,0.635596955,0.662391464,0.686500741,0.829244707,1.932204959,2.141733968,1.614700201,0.980022973,0.635596955,1.555365839,1.146349506,NA,NA,NA,NA,NA,NA,NA,NA,NA,NA,NA,NA,NA,NA,NA,NA,0.662391464,0.687466664,NA,NA,NA,NA,NA,NA,NA,NA,NA,NA,NA,NA,NA,NA,NA,NA,NA,NA,NA,NA,NA,NA,NA,NA,NA,NA,NA,NA,NA,NA,NA,NA,NA,NA,NA,NA,NA,NA,NA,NA,NA,NA,NA,NA,NA,NA,NA,NA,NA,NA,NA,NA,NA,0.861116256,0.686500741,0.729467479,0.733134852,NA,NA,NA,NA,NA,NA,NA,NA,NA,NA,NA,NA,NA,NA,NA,NA,NA,NA,NA,NA,NA,NA,NA,NA,NA,NA,NA
E00103216,E07000048,Christchurch,E12000009,South West,246,6,6a,6a3,0.98861732,0.885861182,0.768289442,1.162982258,2.209802132,2.515225416,2.114345904,1.474327276,0.98861732,1.916027202,1.65758324,NA,NA,NA,NA,NA,NA,NA,NA,NA,NA,NA,NA,NA,NA,NA,NA,0.885861182,1.101114172,NA,NA,NA,NA,NA,NA,NA,NA,NA,NA,NA,NA,NA,NA,NA,NA,NA,NA,NA,NA,NA,NA,NA,NA,NA,NA,NA,NA,NA,NA,NA,NA,NA,NA,NA,NA,NA,NA,NA,NA,NA,NA,NA,NA,NA,NA,NA,NA,NA,NA,NA,NA,NA,1.177085322,1.010893219,0.768289442,0.9570802,NA,NA,NA,NA,NA,NA,NA,NA,NA,NA,NA,NA,NA,NA,NA,NA,NA,NA,NA,NA,NA,NA,NA,NA,NA,NA,NA
E00103217,E07000048,Christchurch,E12000009,South West,232,6,6a,6a4,1.018643228,0.940559646,0.787125849,1.103983764,1.789787143,2.101857863,1.819226833,1.119000588,1.018643228,1.47236167,1.441139555,NA,NA,NA,NA,NA,NA,NA,NA,NA,NA,NA,NA,NA,NA,NA,NA,0.940559646,1.115217253,NA,NA,NA,NA,NA,NA,NA,NA,NA,NA,NA,NA,NA,NA,NA,NA,NA,NA,NA,NA,NA,NA,NA,NA,NA,NA,NA,NA,NA,NA,NA,NA,NA,NA,NA,NA,NA,NA,NA,NA,NA,NA,NA,NA,NA,NA,NA,NA,NA,NA,NA,NA,NA,1.204272035,1.064131503,0.984500114,0.787125849,NA,NA,NA,NA,NA,NA,NA,NA,NA,NA,NA,NA,NA,NA,NA,NA,NA,NA,NA,NA,NA,NA,NA,NA,NA,NA,NA
E00103218,E07000048,Christchurch,E12000009,South West,275,6,6a,6a3,0.938689816,0.773120291,0.703292803,1.183201767,2.165111722,2.44478646,2.080523392,1.466486487,0.938689816,1.900131669,1.660066914,NA,NA,NA,NA,NA,NA,NA,NA,NA,NA,NA,NA,NA,NA,NA,NA,0.773120291,1.087521529,NA,NA,NA,NA,NA,NA,NA,NA,NA,NA,NA,NA,NA,NA,NA,NA,NA,NA,NA,NA,NA,NA,NA,NA,NA,NA,NA,NA,NA,NA,NA,NA,NA,NA,NA,NA,NA,NA,NA,NA,NA,NA,NA,NA,NA,NA,NA,NA,NA,NA,NA,NA,NA,1.059570958,0.81439278,0.703292803,0.894927645,NA,NA,NA,NA,NA,NA,NA,NA,NA,NA,NA,NA,NA,NA,NA,NA,NA,NA,NA,NA,NA,NA,NA,NA,NA,NA,NA
E00103219,E07000048,Christchurch,E12000009,South West,273,5,5b,5b3,0.961316427,0.833947508,0.810513317,1.056877311,1.646197145,1.819494388,1.510695485,0.961316427,1.074110442,1.117346082,1.085037419,NA,NA,NA,NA,NA,NA,NA,NA,NA,NA,NA,NA,NA,NA,1.104543968,0.833947508,NA,NA,NA,NA,NA,NA,NA,NA,NA,NA,NA,NA,NA,NA,NA,NA,NA,NA,NA,NA,NA,NA,NA,NA,NA,NA,NA,NA,NA,NA,NA,NA,NA,NA,NA,NA,NA,NA,NA,NA,NA,NA,NA,NA,NA,NA,NA,NA,NA,NA,NA,NA,0.945345351,1.008663086,0.810513317,NA,NA,NA,NA,NA,NA,NA,NA,NA,NA,NA,NA,NA,NA,NA,NA,NA,NA,NA,NA,NA,NA,NA,NA,NA,NA,NA,NA,NA,NA,NA
E00103220,E07000048,Christchurch,E12000009,South West,291,6,6b,6b2,0.671627282,0.693649412,0.59315464,0.832475652,1.992700009,2.280466341,1.74180114,0.984770913,0.671627282,1.618420676,1.199089049,NA,NA,NA,NA,NA,NA,NA,NA,NA,NA,NA,NA,NA,NA,NA,NA,0.733851214,0.693649412,NA,NA,NA,NA,NA,NA,NA,NA,NA,NA,NA,NA,NA,NA,NA,NA,NA,NA,NA,NA,NA,NA,NA,NA,NA,NA,NA,NA,NA,NA,NA,NA,NA,NA,NA,NA,NA,NA,NA,NA,NA,NA,NA,NA,NA,NA,NA,NA,NA,NA,NA,NA,NA,NA,NA,NA,NA,0.976779003,0.59315464,0.826152721,0.733301508,NA,NA,NA,NA,NA,NA,NA,NA,NA,NA,NA,NA,NA,NA,NA,NA,NA,NA,NA,NA,NA,NA,NA
E00103221,E07000048,Christchurch,E12000009,South West,282,5,5b,5b3,0.762189341,0.796485357,0.776320783,0.963066348,1.66359202,1.890930629,1.369753241,0.762189341,0.817155994,1.202719309,0.870210165,NA,NA,NA,NA,NA,NA,NA,NA,NA,NA,NA,NA,NA,NA,0.801329006,0.796485357,NA,NA,NA,NA,NA,NA,NA,NA,NA,NA,NA,NA,NA,NA,NA,NA,NA,NA,NA,NA,NA,NA,NA,NA,NA,NA,NA,NA,NA,NA,NA,NA,NA,NA,NA,NA,NA,NA,NA,NA,NA,NA,NA,NA,NA,NA,NA,NA,NA,NA,NA,NA,0.914919094,0.967952448,0.776320783,NA,NA,NA,NA,NA,NA,NA,NA,NA,NA,NA,NA,NA,NA,NA,NA,NA,NA,NA,NA,NA,NA,NA,NA,NA,NA,NA,NA,NA,NA,NA
E00103222,E07000048,Christchurch,E12000009,South West,451,6,6a,6a3,0.517837277,0.487754321,0.396754294,0.823592447,2.014528308,2.296759896,1.802732262,1.10755741,0.517837277,1.664446383,1.289124873,NA,NA,NA,NA,NA,NA,NA,NA,NA,NA,NA,NA,NA,NA,NA,NA,0.487754321,0.619989634,NA,NA,NA,NA,NA,NA,NA,NA,NA,NA,NA,NA,NA,NA,NA,NA,NA,NA,NA,NA,NA,NA,NA,NA,NA,NA,NA,NA,NA,NA,NA,NA,NA,NA,NA,NA,NA,NA,NA,NA,NA,NA,NA,NA,NA,NA,NA,NA,NA,NA,NA,NA,NA,0.849159609,0.632628973,0.396754294,0.59198023,NA,NA,NA,NA,NA,NA,NA,NA,NA,NA,NA,NA,NA,NA,NA,NA,NA,NA,NA,NA,NA,NA,NA,NA,NA,NA,NA
E00103223,E07000048,Christchurch,E12000009,South West,242,5,5b,5b3,0.85214382,0.814462162,0.822000877,1.051356787,1.722014284,2.033869888,1.578694512,0.85214382,0.994584657,1.378192257,1.186598704,NA,NA,NA,NA,NA,NA,NA,NA,NA,NA,NA,NA,NA,NA,0.940243802,0.814462162,NA,NA,NA,NA,NA,NA,NA,NA,NA,NA,NA,NA,NA,NA,NA,NA,NA,NA,NA,NA,NA,NA,NA,NA,NA,NA,NA,NA,NA,NA,NA,NA,NA,NA,NA,NA,NA,NA,NA,NA,NA,NA,NA,NA,NA,NA,NA,NA,NA,NA,NA,NA,0.891684164,0.980116928,0.822000877,NA,NA,NA,NA,NA,NA,NA,NA,NA,NA,NA,NA,NA,NA,NA,NA,NA,NA,NA,NA,NA,NA,NA,NA,NA,NA,NA,NA,NA,NA,NA
E00103224,E07000048,Christchurch,E12000009,South West,277,6,6b,6b4,0.746476128,0.705722338,0.645481537,0.854421614,1.761321397,2.075203088,1.558479193,0.793307009,0.746476128,1.389331333,1.051516723,NA,NA,NA,NA,NA,NA,NA,NA,NA,NA,NA,NA,NA,NA,NA,NA,0.875556253,0.705722338,NA,NA,NA,NA,NA,NA,NA,NA,NA,NA,NA,NA,NA,NA,NA,NA,NA,NA,NA,NA,NA,NA,NA,NA,NA,NA,NA,NA,NA,NA,NA,NA,NA,NA,NA,NA,NA,NA,NA,NA,NA,NA,NA,NA,NA,NA,NA,NA,NA,NA,NA,NA,NA,NA,NA,NA,NA,0.921501863,0.719130341,0.815920131,0.645481537,NA,NA,NA,NA,NA,NA,NA,NA,NA,NA,NA,NA,NA,NA,NA,NA,NA,NA,NA,NA,NA,NA,NA
E00103225,E07000048,Christchurch,E12000009,South West,280,6,6b,6b4,0.748902126,0.712789987,0.713755608,0.922909392,1.930942858,2.24278684,1.719189717,0.97503193,0.748902126,1.548256939,1.177756942,NA,NA,NA,NA,NA,NA,NA,NA,NA,NA,NA,NA,NA,NA,NA,NA,0.872632181,0.712789987,NA,NA,NA,NA,NA,NA,NA,NA,NA,NA,NA,NA,NA,NA,NA,NA,NA,NA,NA,NA,NA,NA,NA,NA,NA,NA,NA,NA,NA,NA,NA,NA,NA,NA,NA,NA,NA,NA,NA,NA,NA,NA,NA,NA,NA,NA,NA,NA,NA,NA,NA,NA,NA,NA,NA,NA,NA,0.92828042,0.755411595,0.752218963,0.713755608,NA,NA,NA,NA,NA,NA,NA,NA,NA,NA,NA,NA,NA,NA,NA,NA,NA,NA,NA,NA,NA,NA,NA
E00103226,E07000048,Christchurch,E12000009,South West,250,5,5b,5b3,0.902601657,0.77801425,0.796329472,0.978893378,1.644112253,1.90115058,1.58381193,0.902601657,0.951058139,1.267356604,1.217044261,NA,NA,NA,NA,NA,NA,NA,NA,NA,NA,NA,NA,NA,NA,1.046203214,0.77801425,NA,NA,NA,NA,NA,NA,NA,NA,NA,NA,NA,NA,NA,NA,NA,NA,NA,NA,NA,NA,NA,NA,NA,NA,NA,NA,NA,NA,NA,NA,NA,NA,NA,NA,NA,NA,NA,NA,NA,NA,NA,NA,NA,NA,NA,NA,NA,NA,NA,NA,NA,NA,0.80899057,0.983827045,0.796329472,NA,NA,NA,NA,NA,NA,NA,NA,NA,NA,NA,NA,NA,NA,NA,NA,NA,NA,NA,NA,NA,NA,NA,NA,NA,NA,NA,NA,NA,NA,NA
E00103227,E07000048,Christchurch,E12000009,South West,250,6,6a,6a4,0.882577432,0.779106716,0.754582887,1.042873615,1.935338933,2.274615297,1.886694674,1.213295553,0.882577432,1.675860598,1.474461242,NA,NA,NA,NA,NA,NA,NA,NA,NA,NA,NA,NA,NA,NA,NA,NA,0.779106716,0.999446643,NA,NA,NA,NA,NA,NA,NA,NA,NA,NA,NA,NA,NA,NA,NA,NA,NA,NA,NA,NA,NA,NA,NA,NA,NA,NA,NA,NA,NA,NA,NA,NA,NA,NA,NA,NA,NA,NA,NA,NA,NA,NA,NA,NA,NA,NA,NA,NA,NA,NA,NA,NA,NA,1.060086415,0.898215364,0.767876235,0.754582887,NA,NA,NA,NA,NA,NA,NA,NA,NA,NA,NA,NA,NA,NA,NA,NA,NA,NA,NA,NA,NA,NA,NA,NA,NA,NA,NA
E00103228,E07000048,Christchurch,E12000009,South West,315,6,6b,6b4,0.970139486,0.988239583,0.897409896,1.090383494,1.895017991,2.152742701,1.739706473,1.101431763,0.970139486,1.516946289,1.311462645,NA,NA,NA,NA,NA,NA,NA,NA,NA,NA,NA,NA,NA,NA,NA,NA,1.010581497,0.988239583,NA,NA,NA,NA,NA,NA,NA,NA,NA,NA,NA,NA,NA,NA,NA,NA,NA,NA,NA,NA,NA,NA,NA,NA,NA,NA,NA,NA,NA,NA,NA,NA,NA,NA,NA,NA,NA,NA,NA,NA,NA,NA,NA,NA,NA,NA,NA,NA,NA,NA,NA,NA,NA,NA,NA,NA,NA,1.104549605,1.108116293,0.9853225,0.897409896,NA,NA,NA,NA,NA,NA,NA,NA,NA,NA,NA,NA,NA,NA,NA,NA,NA,NA,NA,NA,NA,NA,NA
E00103229,E07000048,Christchurch,E12000009,South West,220,5,5b,5b3,1.061233648,0.940516319,0.948765191,1.156404474,1.704125068,2.048717834,1.754922752,1.061233648,1.180544685,1.35514659,1.363690214,NA,NA,NA,NA,NA,NA,NA,NA,NA,NA,NA,NA,NA,NA,1.197041026,0.940516319,NA,NA,NA,NA,NA,NA,NA,NA,NA,NA,NA,NA,NA,NA,NA,NA,NA,NA,NA,NA,NA,NA,NA,NA,NA,NA,NA,NA,NA,NA,NA,NA,NA,NA,NA,NA,NA,NA,NA,NA,NA,NA,NA,NA,NA,NA,NA,NA,NA,NA,NA,NA,1.017777906,1.073172589,0.948765191,NA,NA,NA,NA,NA,NA,NA,NA,NA,NA,NA,NA,NA,NA,NA,NA,NA,NA,NA,NA,NA,NA,NA,NA,NA,NA,NA,NA,NA,NA,NA
E00103230,E07000048,Christchurch,E12000009,South West,324,5,5b,5b3,0.567665429,0.612840655,0.535819769,0.930871174,1.44436746,1.63161417,1.160330086,0.567665429,1.016038527,0.991756969,0.793884533,NA,NA,NA,NA,NA,NA,NA,NA,NA,NA,NA,NA,NA,NA,0.619310121,0.612840655,NA,NA,NA,NA,NA,NA,NA,NA,NA,NA,NA,NA,NA,NA,NA,NA,NA,NA,NA,NA,NA,NA,NA,NA,NA,NA,NA,NA,NA,NA,NA,NA,NA,NA,NA,NA,NA,NA,NA,NA,NA,NA,NA,NA,NA,NA,NA,NA,NA,NA,NA,NA,0.770732822,0.88076063,0.535819769,NA,NA,NA,NA,NA,NA,NA,NA,NA,NA,NA,NA,NA,NA,NA,NA,NA,NA,NA,NA,NA,NA,NA,NA,NA,NA,NA,NA,NA,NA,NA
E00103231,E07000048,Christchurch,E12000009,South West,301,6,6b,6b2,0.582439312,0.5249315,0.50016153,0.714935357,1.892302266,2.122477155,1.550437407,0.877670907,0.582439312,1.496470679,1.004461958,NA,NA,NA,NA,NA,NA,NA,NA,NA,NA,NA,NA,NA,NA,NA,NA,0.744818585,0.5249315,NA,NA,NA,NA,NA,NA,NA,NA,NA,NA,NA,NA,NA,NA,NA,NA,NA,NA,NA,NA,NA,NA,NA,NA,NA,NA,NA,NA,NA,NA,NA,NA,NA,NA,NA,NA,NA,NA,NA,NA,NA,NA,NA,NA,NA,NA,NA,NA,NA,NA,NA,NA,NA,NA,NA,NA,NA,0.748028711,0.50016153,0.634186933,0.611832799,NA,NA,NA,NA,NA,NA,NA,NA,NA,NA,NA,NA,NA,NA,NA,NA,NA,NA,NA,NA,NA,NA,NA
E00103232,E07000048,Christchurch,E12000009,South West,285,6,6a,6a3,0.790938975,0.78618721,0.79155469,0.856577409,1.952357035,2.196894677,1.739393753,1.090585272,0.790938975,1.586361051,1.24399643,NA,NA,NA,NA,NA,NA,NA,NA,NA,NA,NA,NA,NA,NA,NA,NA,0.78618721,0.851561543,NA,NA,NA,NA,NA,NA,NA,NA,NA,NA,NA,NA,NA,NA,NA,NA,NA,NA,NA,NA,NA,NA,NA,NA,NA,NA,NA,NA,NA,NA,NA,NA,NA,NA,NA,NA,NA,NA,NA,NA,NA,NA,NA,NA,NA,NA,NA,NA,NA,NA,NA,NA,NA,1.045462005,0.831703333,0.79155469,0.827394995,NA,NA,NA,NA,NA,NA,NA,NA,NA,NA,NA,NA,NA,NA,NA,NA,NA,NA,NA,NA,NA,NA,NA,NA,NA,NA,NA
E00103233,E07000048,Christchurch,E12000009,South West,221,6,6b,6b4,0.820116052,0.778557998,0.777592855,0.93673654,1.854662541,2.078391689,1.576218404,0.936679796,0.820116052,1.41290309,1.032883208,NA,NA,NA,NA,NA,NA,NA,NA,NA,NA,NA,NA,NA,NA,NA,NA,0.94439048,0.778557998,NA,NA,NA,NA,NA,NA,NA,NA,NA,NA,NA,NA,NA,NA,NA,NA,NA,NA,NA,NA,NA,NA,NA,NA,NA,NA,NA,NA,NA,NA,NA,NA,NA,NA,NA,NA,NA,NA,NA,NA,NA,NA,NA,NA,NA,NA,NA,NA,NA,NA,NA,NA,NA,NA,NA,NA,NA,0.9333583,0.817304588,0.83904227,0.777592855,NA,NA,NA,NA,NA,NA,NA,NA,NA,NA,NA,NA,NA,NA,NA,NA,NA,NA,NA,NA,NA,NA,NA
E00103234,E07000048,Christchurch,E12000009,South West,266,6,6a,6a3,0.885006698,0.887077679,0.819320167,1.010512062,2.087167065,2.328528644,1.891113332,1.210020527,0.885006698,1.646927135,1.350387486,NA,NA,NA,NA,NA,NA,NA,NA,NA,NA,NA,NA,NA,NA,NA,NA,0.887077679,0.93522023,NA,NA,NA,NA,NA,NA,NA,NA,NA,NA,NA,NA,NA,NA,NA,NA,NA,NA,NA,NA,NA,NA,NA,NA,NA,NA,NA,NA,NA,NA,NA,NA,NA,NA,NA,NA,NA,NA,NA,NA,NA,NA,NA,NA,NA,NA,NA,NA,NA,NA,NA,NA,NA,1.169970269,1.02578761,0.819320167,0.888746947,NA,NA,NA,NA,NA,NA,NA,NA,NA,NA,NA,NA,NA,NA,NA,NA,NA,NA,NA,NA,NA,NA,NA,NA,NA,NA,NA
